advisor_id,advisor_name,firm_name,firm_type,region,aum_segment,client_type,assigned_rm_id,activity_count,avg_engagement,opp_count,committed_capital,expected_pipeline,engagement_score_norm,aum_score_norm,conv_prob_norm,product_fit_norm,recency_norm,priority_score,priority_tier,recommended_next_action,recommended_asset_class,estimated_commitment_opportunity
A0007,Melissa Harris,Crown Endowment,Institutional Investor,Midwest,5B+,Institutional,RM004,7.0,81.14285714285714,1.0,139250000.0,145000000.0,0.8114285714285714,0.95,1.0,0.75,0.9642857142857143,0.8899,High,Portfolio Review Conversation,Private Credit,216245700
A0400,Kenneth Nguyen,Crown Private Bank,Private Bank,Northeast,5B+,Wealth,RM006,28.0,86.89285714285714,5.0,375750000.0,1034750000.0,0.8689285714285714,0.95,0.55,1.0,0.9230769230769231,0.8505,High,Portfolio Review Conversation,Private Credit,206671500
A0319,Ashley Torres,Crescent Private Capital,Family Office,Northeast,5B+,Wealth,RM014,9.0,89.44444444444444,8.0,381500000.0,1397500000.0,0.8944444444444444,0.95,0.4625,1.0,0.9752747252747253,0.8459,High,Portfolio Review Conversation,Private Credit,205553700
A0150,Betty Harris,Summit Private Capital,Family Office,Northeast,5B+,Wealth,RM006,40.0,74.9,3.0,164250000.0,496750000.0,0.7490000000000001,0.95,0.6666666666666667,1.0,0.9340659340659341,0.8389,High,Portfolio Review Conversation,Real Estate,158552100
A0122,Ronald Murphy,Halcyon Capital Advisors,RIA,West,1B-5B,Wealth,RM006,6.0,90.66666666666667,5.0,51000000.0,174250000.0,0.9066666666666667,0.8,0.72,0.75,0.9258241758241759,0.8211,High,Portfolio Review Conversation,Private Equity,62352281
A0323,Betty Flores,Beacon Private Wealth,Private Bank,Southeast,1B-5B,Wealth,RM016,68.0,73.20588235294117,2.0,0.0,103000000.0,0.7320588235294118,0.8,0.75,1.0,0.9917582417582418,0.8188,High,Schedule Due Diligence Meeting,Private Credit,48360375
A0260,Jason Goldberg,Northstar Global Markets,Wirehouse,West,5B+,Wealth,RM001,20.0,77.2,1.0,0.0,220250000.0,0.772,0.95,0.5,1.0,0.9505494505494505,0.8142,High,Schedule Due Diligence Meeting,Private Credit,153883800
A0149,Ryan Smith,Atlas Private Bank,Private Bank,Northeast,5B+,Wealth,RM014,12.0,80.5,5.0,0.0,719250000.0,0.805,0.95,0.42,1.0,0.9917582417582418,0.8122,High,Relationship Manager Follow-up,Private Credit,153505800
A0228,Emily Sanchez,Riverstone Private Bank,Private Bank,Southwest,5B+,Wealth,RM009,22.0,74.45454545454545,1.0,0.0,160500000.0,0.7445454545454545,0.95,0.5,1.0,0.989010989010989,0.8098,High,Schedule Due Diligence Meeting,Private Credit,153052200
A0115,Amanda Scott,Meridian Family Office,Family Office,West,5B+,Wealth,RM012,23.0,72.43478260869566,6.0,193750000.0,1043500000.0,0.7243478260869566,0.95,0.5416666666666666,1.0,0.9532967032967032,0.8085,High,Portfolio Review Conversation,Real Estate,152806500
A0198,Lisa Thompson,Eaglewood Private Wealth,Private Bank,Northeast,5B+,Wealth,RM014,18.0,73.72222222222223,4.0,0.0,411750000.0,0.7372222222222223,0.95,0.5,1.0,0.9560439560439561,0.8043,High,Schedule Due Diligence Meeting,Private Credit,152012700
A0006,Jennifer Jackson,Bayview Trust & Banking,Private Bank,West,1B-5B,Wealth,RM012,25.0,85.0,5.0,140500000.0,302750000.0,0.85,0.8,0.49,1.0,0.9807692307692307,0.8011,High,Portfolio Review Conversation,Real Estate,60833531
A0211,Kevin Johnson,Beacon Trust & Banking,Private Bank,Northeast,1B-5B,Wealth,RM006,36.0,83.22222222222223,7.0,66750000.0,521500000.0,0.8322222222222223,0.8,0.5142857142857143,1.0,0.9807692307692307,0.8006,High,Portfolio Review Conversation,Private Credit,60795562
A0398,Deborah Flores,Vanguard Capital Advisors,RIA,Southeast,1B-5B,Wealth,RM007,42.0,83.54761904761905,1.0,0.0,41000000.0,0.8354761904761905,0.8,0.5,1.0,0.9862637362637363,0.7993,High,Schedule Due Diligence Meeting,Private Credit,60696844
A0130,Timothy Goldberg,Granite Securities,Wirehouse,Southwest,5B+,Wealth,RM009,23.0,72.1304347826087,6.0,248000000.0,796000000.0,0.721304347826087,0.95,0.5166666666666666,1.0,0.8956043956043956,0.7968,High,Portfolio Review Conversation,Infrastructure,150595200
A0062,George Nguyen,Keystone Trust & Banking,Private Bank,Southeast,1B-5B,Wealth,RM016,67.0,81.86567164179104,5.0,0.0,289750000.0,0.8186567164179104,0.8,0.52,1.0,0.9697802197802198,0.7966,High,Schedule Due Diligence Meeting,Real Estate,60491812
A0376,Sharon Nakamura,Heritage Private Bank,Private Bank,West,5B+,Wealth,RM012,6.0,76.16666666666667,5.0,80500000.0,732000000.0,0.7616666666666667,0.95,0.47,1.0,0.8626373626373627,0.7963,High,Portfolio Review Conversation,Private Credit,150500700
A0201,Ryan Young,Bayview Pension Trust,Institutional Investor,Southeast,5B+,Institutional,RM008,19.0,84.21052631578948,4.0,0.0,898500000.0,0.8421052631578948,0.95,0.3375,1.0,0.8626373626373627,0.7939,High,Relationship Manager Follow-up,Private Credit,192917700
A0303,Nancy Gonzalez,Crescent Foundation,Institutional Investor,Southwest,5B+,Institutional,RM014,14.0,75.85714285714286,4.0,58750000.0,682250000.0,0.7585714285714286,0.95,0.4,1.0,0.9697802197802198,0.792,High,Portfolio Review Conversation,Private Credit,149688000
A0069,Patricia Lee,Eaglewood Pension Trust,Institutional Investor,Southeast,5B+,Institutional,RM016,23.0,74.91304347826087,5.0,198750000.0,762000000.0,0.7491304347826088,0.95,0.44,1.0,0.9120879120879121,0.7914,High,Portfolio Review Conversation,Real Estate,149574600
A0192,Timothy Hernandez,Sterling Foundation,Institutional Investor,Midwest,5B+,Institutional,RM004,22.0,88.72727272727273,4.0,0.0,603750000.0,0.8872727272727273,0.95,0.2375,1.0,0.8928571428571429,0.7905,High,Relationship Manager Follow-up,Private Credit,192091500
A0280,John Brown,Evergreen Advisors LLC,RIA,Midwest,1B-5B,Wealth,RM004,26.0,81.76923076923077,6.0,146750000.0,420750000.0,0.8176923076923077,0.8,0.475,1.0,0.9972527472527473,0.79,High,Portfolio Review Conversation,Private Credit,59990625
A0163,Jennifer Johnson,Compass Private Bank,Private Bank,Northeast,5B+,Wealth,RM014,6.0,83.16666666666667,7.0,0.0,1427500000.0,0.8316666666666667,0.95,0.3,1.0,0.9285714285714286,0.7899,High,Relationship Manager Follow-up,Infrastructure,191945700
A0327,Patricia Sanchez,Cornerstone Pension Trust,Institutional Investor,Midwest,5B+,Institutional,RM004,26.0,71.73076923076923,9.0,194750000.0,1396250000.0,0.7173076923076923,0.95,0.4277777777777778,1.0,0.9807692307692307,0.7863,High,Portfolio Review Conversation,Private Credit,148610700
A0255,George Goldberg,Riverstone Private Bank,Private Bank,Northeast,5B+,Wealth,RM014,9.0,81.77777777777777,6.0,0.0,1295250000.0,0.8177777777777777,0.95,0.2833333333333333,1.0,0.9587912087912088,0.7854,High,Relationship Manager Follow-up,Real Estate,190852200
A0048,Jennifer Adams,Meridian Endowment,Institutional Investor,Northeast,5B+,Institutional,RM007,26.0,75.5,5.0,0.0,861250000.0,0.755,0.95,0.37,1.0,0.9532967032967032,0.7833,High,Relationship Manager Follow-up,Private Credit,148043700
A0197,Betty Lopez,Riverstone Multi-Family Office,Family Office,West,1B-5B,Wealth,RM010,27.0,70.5925925925926,0.0,0.0,0.0,0.705925925925926,0.8,0.5967777777777779,1.0,0.9945054945054945,0.7806,High,Schedule Due Diligence Meeting,Private Credit,46104188
A0039,Brian Lee,Bayview Family Wealth,RIA,West,1B-5B,Wealth,RM001,12.0,78.41666666666667,4.0,65750000.0,274500000.0,0.7841666666666667,0.8,0.5,1.0,0.9478021978021978,0.78,High,Portfolio Review Conversation,Infrastructure,59231250
A0018,Charles Reed,Northstar Securities,Wirehouse,Northeast,5B+,Wealth,RM007,8.0,75.625,4.0,0.0,720500000.0,0.75625,0.95,0.4,1.0,0.8461538461538461,0.779,High,Relationship Manager Follow-up,Infrastructure,147231000
A0016,Ashley Sanchez,Compass Family Office,Family Office,Southwest,5B+,Wealth,RM002,5.0,74.4,5.0,266500000.0,686250000.0,0.7440000000000001,0.95,0.6,0.75,0.8489010989010989,0.7781,High,Portfolio Review Conversation,Infrastructure,147060900
A0208,Deborah Sanchez,Vanguard Private Bank,Private Bank,Northeast,1B-5B,Wealth,RM014,19.0,72.47368421052632,3.0,67500000.0,161250000.0,0.7247368421052631,0.8,0.5333333333333333,1.0,0.9972527472527473,0.7738,High,Portfolio Review Conversation,Private Credit,45702562
A0325,Jason Rodriguez,Summit Private Bank,Private Bank,Northeast,1B-5B,Wealth,RM006,8.0,64.5,2.0,55250000.0,88500000.0,0.645,0.8,0.75,1.0,0.793956043956044,0.7729,High,Portfolio Review Conversation,Private Credit,45649406
A0170,Deborah Hill,Ironwood Insurance Investments,Institutional Investor,West,1B-5B,Institutional,RM012,12.0,77.66666666666667,6.0,37000000.0,216250000.0,0.7766666666666667,0.8,0.45,1.0,0.9972527472527473,0.7727,High,Portfolio Review Conversation,Real Estate,45637594
A0235,Ryan O'Brien,Crown Family Office,Family Office,Midwest,1B-5B,Wealth,RM005,5.0,71.8,3.0,115750000.0,190000000.0,0.718,0.8,0.7,1.0,0.6648351648351649,0.7719,High,Portfolio Review Conversation,Private Credit,45590344
A0343,Jason Garcia,Crown Insurance Investments,Institutional Investor,Northeast,5B+,Institutional,RM004,96.0,72.30208333333333,7.0,72500000.0,1185000000.0,0.7230208333333333,0.95,0.3357142857142857,1.0,1.0,0.7715,High,Portfolio Review Conversation,Real Estate,145813500
A0093,Carol Reed,Harbor Private Capital,Family Office,West,1B-5B,Wealth,RM012,23.0,57.21739130434783,2.0,46000000.0,83000000.0,0.5721739130434783,0.8,0.75,1.0,0.9917582417582418,0.7708,High,Portfolio Review Conversation,Private Credit,30350250
A0121,Karen Moore,Keystone Trust & Banking,Private Bank,Southwest,5B+,Wealth,RM010,39.0,73.25641025641026,6.0,47250000.0,864750000.0,0.7325641025641026,0.95,0.325,1.0,0.9807692307692307,0.7703,High,Portfolio Review Conversation,Private Credit,145586700
A0382,Sandra Gonzalez,Frontier Private Bank,Private Bank,West,1B-5B,Wealth,RM010,47.0,80.42553191489361,5.0,54750000.0,203750000.0,0.8042553191489361,0.8,0.42,1.0,0.9340659340659341,0.7687,High,Portfolio Review Conversation,Private Credit,58373156
A0239,Kevin Taylor,Meridian Securities,Wirehouse,Southwest,5B+,Wealth,RM003,55.0,60.21818181818182,4.0,68000000.0,363000000.0,0.6021818181818182,0.95,0.5,1.0,0.9917582417582418,0.7673,High,Portfolio Review Conversation,Private Credit,96679800
A0297,Donna Walker,Ironwood Multi-Family Office,Family Office,Northeast,5B+,Wealth,RM006,20.0,73.05,2.0,0.0,253250000.0,0.7304999999999999,0.95,0.3,1.0,0.9945054945054945,0.7661,High,Relationship Manager Follow-up,Infrastructure,144792900
A0074,Lisa Clark,Riverstone Pension Trust,Institutional Investor,Southeast,5B+,Institutional,RM008,22.0,60.54545454545455,1.0,0.0,58250000.0,0.6054545454545455,0.95,0.5,1.0,0.967032967032967,0.7658,High,Schedule Due Diligence Meeting,Private Credit,96490800
A0363,Steven Garcia,Evergreen Pension Trust,Institutional Investor,Northeast,1B-5B,Institutional,RM012,21.0,77.19047619047619,8.0,127750000.0,437000000.0,0.7719047619047619,0.8,0.4125,1.0,0.9835164835164835,0.7624,High,Portfolio Review Conversation,Private Credit,57894750
A0124,James Williams,Pinnacle Advisory Group,Consultant,Northeast,1B-5B,Institutional,RM007,24.0,86.0,3.0,0.0,261250000.0,0.86,0.8,0.2833333333333333,1.0,0.9532967032967032,0.76,High,Relationship Manager Follow-up,Private Equity,57712500
A0072,Kimberly Harris,Cedar Private Bank,Private Bank,Southwest,5B+,Wealth,RM009,21.0,80.23809523809524,2.0,0.0,568500000.0,0.8023809523809524,0.95,0.175,1.0,0.9560439560439561,0.7588,High,Relationship Manager Follow-up,Real Estate,184388400
A0132,Deborah Williams,Granite Advisory Group,Consultant,Northeast,1B-5B,Institutional,RM007,19.0,68.42105263157895,4.0,48250000.0,223750000.0,0.6842105263157895,0.8,0.525,1.0,0.9697802197802198,0.7572,High,Portfolio Review Conversation,Private Credit,44722125
A0071,Amanda Perez,Evergreen Wealth Management,Wirehouse,Southwest,1B-5B,Wealth,RM003,58.0,56.775862068965516,6.0,110500000.0,235750000.0,0.5677586206896552,0.8,0.6833333333333332,1.0,0.9862637362637363,0.7556,High,Portfolio Review Conversation,Real Estate,29751750
A0107,James Adams,Compass Wealth Management,RIA,Northeast,1B-5B,Wealth,RM004,25.0,68.24,6.0,42750000.0,321500000.0,0.6823999999999999,0.8,0.5166666666666666,1.0,0.9697802197802198,0.755,High,Portfolio Review Conversation,Private Equity,44592188
A0215,Sharon Cohen,Crescent Private Wealth,Private Bank,Southwest,5B+,Wealth,RM005,7.0,71.71428571428571,5.0,116000000.0,870750000.0,0.7171428571428571,0.95,0.4,1.0,0.7115384615384616,0.7538,High,Portfolio Review Conversation,Private Credit,142468200
A0030,David Kim,Vanguard Family Office,Family Office,Southwest,1B-5B,Wealth,RM009,21.0,82.52380952380952,4.0,0.0,236000000.0,0.8252380952380952,0.8,0.275,1.0,1.0,0.7526,High,Relationship Manager Follow-up,Real Estate,57150562
A0352,Barbara Young,Ironwood Multi-Family Office,Family Office,International,1B-5B,Wealth,RM002,18.0,83.38888888888889,8.0,0.0,504250000.0,0.8338888888888889,0.8,0.2625,1.0,0.989010989010989,0.7516,High,Relationship Manager Follow-up,Real Estate,57074625
A0054,Melissa Wilson,Compass Insurance Investments,Institutional Investor,Southwest,1B-5B,Institutional,RM003,40.0,70.6,3.0,69250000.0,141250000.0,0.706,0.8,0.45,1.0,0.9972527472527473,0.7515,High,Portfolio Review Conversation,Infrastructure,44385469
A0317,Charles Chen,Vanguard Family Office,Family Office,Northeast,1B-5B,Wealth,RM011,27.0,73.14814814814815,6.0,75750000.0,257000000.0,0.7314814814814815,0.8,0.4083333333333334,1.0,0.9587912087912088,0.747,High,Portfolio Review Conversation,Real Estate,44119688
A0041,Jennifer Harris,Ridge Wealth Management,Wirehouse,Southeast,1B-5B,Wealth,RM008,24.0,70.29166666666667,5.0,51000000.0,218750000.0,0.7029166666666667,0.8,0.45,1.0,0.9505494505494505,0.7459,High,Portfolio Review Conversation,Private Credit,44054719
A0298,Sharon Lee,Summit Family Office,Family Office,Southeast,5B+,Wealth,RM008,3.0,57.333333333333336,4.0,80500000.0,466500000.0,0.5733333333333334,0.95,0.6875,0.75,0.8461538461538461,0.7441,High,Portfolio Review Conversation,Private Credit,93756600
A0119,Laura Robinson,Vanguard Multi-Family Office,Family Office,Northeast,5B+,Wealth,RM007,9.0,74.11111111111111,2.0,0.0,278500000.0,0.7411111111111112,0.95,0.425,0.75,0.8653846153846154,0.7439,High,Relationship Manager Follow-up,Infrastructure,140597100
A0112,Cynthia Thomas,Heritage Private Wealth,Private Bank,International,1B-5B,Wealth,RM013,11.0,75.72727272727273,5.0,0.0,153750000.0,0.7572727272727273,0.8,0.35,1.0,0.9642857142857143,0.7436,High,Relationship Manager Follow-up,Real Estate,43918875
A0302,George Jones,Heritage Pension Trust,Institutional Investor,West,5B+,Institutional,RM001,10.0,59.7,3.0,149000000.0,413750000.0,0.597,0.95,0.41666666666666663,1.0,0.9313186813186813,0.7431,High,Portfolio Review Conversation,Infrastructure,93630600
A0238,Donald Flores,Keystone Securities,Wirehouse,International,5B+,Wealth,RM015,17.0,56.76470588235294,1.0,0.0,63000000.0,0.5676470588235294,0.95,0.5,1.0,0.8379120879120879,0.7416,High,Schedule Due Diligence Meeting,Private Credit,93441600
A0194,Ashley Patel,Meridian Wealth Partners,RIA,International,500M-1B,Wealth,RM002,6.0,84.66666666666667,5.0,35750000.0,94000000.0,0.8466666666666667,0.6,0.67,0.75,0.9093406593406593,0.7414,High,Portfolio Review Conversation,Real Estate,16890019
A0299,Richard Harris,Granite Trust & Banking,Private Bank,Northeast,100M-500M,Wealth,RM006,34.0,76.76470588235294,4.0,4500000.0,18250000.0,0.7676470588235295,0.4,0.8125,1.0,0.9835164835164835,0.7411,High,Portfolio Review Conversation,Private Credit,6753274
A0337,Timothy Rodriguez,Sterling Insurance Investments,Institutional Investor,International,1B-5B,Institutional,RM002,14.0,74.21428571428571,4.0,31750000.0,221750000.0,0.7421428571428571,0.8,0.3625,1.0,0.9587912087912088,0.741,High,Portfolio Review Conversation,Private Equity,43765312
A0349,Anthony Nguyen,Sterling Wealth Partners,RIA,Northeast,1B-5B,Wealth,RM014,40.0,80.225,6.0,0.0,277500000.0,0.8022499999999999,0.8,0.25,1.0,0.9972527472527473,0.7404,High,Relationship Manager Follow-up,Infrastructure,56224125
A0165,Melissa Hernandez,Sterling Foundation,Institutional Investor,Northeast,1B-5B,Institutional,RM011,28.0,78.92857142857143,9.0,0.0,586000000.0,0.7892857142857143,0.8,0.2722222222222222,1.0,0.9807692307692307,0.7393,High,Relationship Manager Follow-up,Private Credit,56140594
A0236,Betty Garcia,Keystone Trust & Banking,Private Bank,Northeast,5B+,Wealth,RM006,15.0,71.0,3.0,0.0,424000000.0,0.71,0.95,0.2,1.0,0.967032967032967,0.7372,High,Relationship Manager Follow-up,Private Credit,139330800
A0390,Christopher Anderson,Crescent Multi-Family Office,Family Office,West,1B-5B,Wealth,RM001,11.0,69.54545454545455,4.0,65500000.0,211250000.0,0.6954545454545454,0.8,0.4375,1.0,0.8846153846153846,0.7346,High,Portfolio Review Conversation,Private Equity,43387312
A0324,Cynthia Smith,Frontier Trust & Banking,Private Bank,Southeast,1B-5B,Wealth,RM008,20.0,68.5,8.0,113500000.0,404250000.0,0.685,0.8,0.4,1.0,0.9862637362637363,0.7341,High,Portfolio Review Conversation,Private Credit,43357781
A0293,David Lee,Compass Pension Trust,Institutional Investor,Midwest,1B-5B,Institutional,RM001,25.0,72.56,3.0,0.0,122250000.0,0.7256,0.8,0.33333333333333337,1.0,0.9835164835164835,0.7327,High,Relationship Manager Follow-up,Infrastructure,43275094
A0042,Michael Perez,Halcyon Private Bank,Private Bank,West,5B+,Wealth,RM009,11.0,55.09090909090909,3.0,0.0,239250000.0,0.5509090909090909,0.95,0.41666666666666663,1.0,0.9615384615384616,0.7323,High,Relationship Manager Follow-up,Private Equity,92269800
A0386,Ronald Singh,Sterling Global Markets,Wirehouse,Southwest,1B-5B,Wealth,RM003,21.0,81.23809523809524,5.0,0.0,312000000.0,0.8123809523809524,0.8,0.2,1.0,0.9835164835164835,0.7321,High,Relationship Manager Follow-up,Private Credit,55593844
A0087,Brian Patel,Harbor Securities,Wirehouse,International,5B+,Wealth,RM013,23.0,68.08695652173913,5.0,79000000.0,602750000.0,0.6808695652173913,0.95,0.26,1.0,0.8791208791208791,0.7317,High,Portfolio Review Conversation,Private Credit,138291300
A0035,Anthony Nakamura,Halcyon Foundation,Institutional Investor,International,5B+,Institutional,RM002,18.0,58.888888888888886,2.0,0.0,255500000.0,0.5888888888888889,0.95,0.375,1.0,0.9093406593406593,0.7301,High,Relationship Manager Follow-up,Real Estate,91992600
A0199,Steven Lewis,Coastal Multi-Family Office,Family Office,Northeast,5B+,Wealth,RM014,28.0,62.464285714285715,5.0,0.0,630250000.0,0.6246428571428572,0.95,0.27,1.0,1.0,0.7289,High,Relationship Manager Follow-up,Private Credit,91841400
A0008,William Sanchez,Keystone Capital Advisors,RIA,West,100M-500M,Wealth,RM010,25.0,62.32,1.0,5250000.0,5000000.0,0.6232,0.4,1.0,1.0,0.9120879120879121,0.7282,High,Portfolio Review Conversation,Real Estate,5161118
A0065,Edward King,Lighthouse Private Capital,Family Office,Northeast,1B-5B,Wealth,RM005,24.0,85.16666666666667,4.0,0.0,264750000.0,0.8516666666666667,0.8,0.15,1.0,0.9258241758241759,0.7281,High,Relationship Manager Follow-up,Infrastructure,55290094
A0186,Barbara Martinez,Meridian Trust & Banking,Private Bank,Northeast,1B-5B,Wealth,RM006,56.0,70.48214285714286,6.0,0.0,251000000.0,0.7048214285714286,0.8,0.33333333333333337,1.0,0.9917582417582418,0.7273,High,Relationship Manager Follow-up,Real Estate,42956156
A0138,Patricia Martin,Summit Private Bank,Private Bank,Southeast,500M-1B,Wealth,RM016,11.0,76.72727272727273,2.0,11500000.0,40500000.0,0.7672727272727273,0.6,0.55,1.0,0.8598901098901099,0.7262,High,Portfolio Review Conversation,Infrastructure,16543744
A0176,Nancy Martinez,Meridian Private Bank,Private Bank,Southwest,1B-5B,Wealth,RM003,10.0,72.9,7.0,80500000.0,341500000.0,0.7290000000000001,0.8,0.29285714285714287,1.0,0.989010989010989,0.7262,High,Portfolio Review Conversation,Private Credit,42891188
A0360,Karen Hill,Ironwood Private Capital,Family Office,International,1B-5B,Wealth,RM013,8.0,82.625,7.0,0.0,346750000.0,0.82625,0.8,0.2571428571428572,1.0,0.7582417582417582,0.7251,High,Relationship Manager Follow-up,Private Credit,55062281
A0380,Sandra Thompson,Vanguard Family Office,Family Office,Southeast,1B-5B,Wealth,RM003,11.0,56.54545454545455,2.0,0.0,49500000.0,0.5654545454545454,0.8,0.625,1.0,0.7664835164835164,0.7213,High,Schedule Due Diligence Meeting,Private Equity,28401188
A0146,Karen Anderson,Liberty Foundation,Institutional Investor,Southeast,5B+,Institutional,RM016,30.0,73.53333333333333,5.0,0.0,896000000.0,0.7353333333333333,0.95,0.11,1.0,0.9093406593406593,0.721,High,Relationship Manager Follow-up,Private Credit,136269000
A0222,Edward Lopez,Ridge Family Office,Family Office,West,1B-5B,Wealth,RM010,15.0,65.8,4.0,0.0,179000000.0,0.6579999999999999,0.8,0.4,1.0,0.9313186813186813,0.7205,High,Relationship Manager Follow-up,Private Credit,42554531
A0021,Laura Goldberg,Frontier Family Office,Family Office,West,5B+,Wealth,RM010,17.0,72.11764705882354,5.0,0.0,646500000.0,0.7211764705882353,0.95,0.13,1.0,0.8928571428571429,0.7191,High,Relationship Manager Follow-up,Infrastructure,135909900
A0096,George Sullivan,Crescent Global Markets,Wirehouse,West,1B-5B,Wealth,RM010,34.0,79.55882352941177,6.0,0.0,377000000.0,0.7955882352941177,0.8,0.15,1.0,1.0,0.7187,High,Relationship Manager Follow-up,Infrastructure,54576281
A0073,Steven Reed,Ironwood Private Bank,Private Bank,Northeast,1B-5B,Wealth,RM002,19.0,56.63157894736842,2.0,0.0,47500000.0,0.5663157894736842,0.8,0.5,1.0,0.9807692307692307,0.718,High,Schedule Due Diligence Meeting,Private Credit,28271250
A0210,Laura Ramirez,Liberty Insurance Investments,Institutional Investor,West,1B-5B,Institutional,RM012,16.0,58.625,3.0,0.0,138000000.0,0.58625,0.8,0.5,1.0,0.9203296703296704,0.7179,High,Schedule Due Diligence Meeting,Private Credit,28267312
A0129,Jason Kim,Eaglewood Trust & Banking,Private Bank,Northeast,1B-5B,Wealth,RM011,9.0,69.0,5.0,0.0,295250000.0,0.69,0.8,0.5,0.75,0.9725274725274725,0.7168,High,Schedule Due Diligence Meeting,Private Credit,42336000
A0090,James Robinson,Halcyon Global Markets,Wirehouse,Northeast,5B+,Wealth,RM014,19.0,58.31578947368421,4.0,0.0,422500000.0,0.5831578947368421,0.95,0.275,1.0,0.9862637362637363,0.7161,High,Relationship Manager Follow-up,Infrastructure,90228600
A0195,Donna Sanchez,Granite Foundation,Institutional Investor,Midwest,1B-5B,Institutional,RM005,9.0,65.0,9.0,72750000.0,408500000.0,0.65,0.8,0.37222222222222223,1.0,0.9615384615384616,0.7156,High,Portfolio Review Conversation,Infrastructure,42265125
A0013,Joseph Scott,Ridge Family Wealth,RIA,Northeast,500M-1B,Wealth,RM011,27.0,49.22222222222222,3.0,7000000.0,18750000.0,0.4922222222222222,0.6,0.8333333333333333,1.0,0.9945054945054945,0.7138,High,Portfolio Review Conversation,Infrastructure,8431762
A0187,Donna Perez,Cornerstone Multi-Family Office,Family Office,Southwest,5B+,Wealth,RM009,5.0,68.4,9.0,402250000.0,1245750000.0,0.684,0.95,0.5222222222222223,0.75,0.5357142857142857,0.7132,High,Portfolio Review Conversation,Infrastructure,134794800
A0353,Charles Wright,Evergreen Multi-Family Office,Family Office,Midwest,5B+,Wealth,RM004,5.0,77.2,4.0,0.0,919500000.0,0.772,0.95,0.2125,0.75,0.8901098901098901,0.7131,High,Relationship Manager Follow-up,Real Estate,173283300
A0086,Elizabeth Cohen,Northstar Advisors LLC,RIA,Southwest,1B-5B,Wealth,RM003,14.0,56.714285714285715,4.0,47250000.0,96500000.0,0.5671428571428572,0.8,0.525,1.0,0.8736263736263736,0.7125,High,Portfolio Review Conversation,Real Estate,28054688
A0020,Linda White,Bayview Advisory Group,Consultant,Northeast,500M-1B,Institutional,RM014,24.0,68.625,5.0,18000000.0,70250000.0,0.68625,0.6,0.57,1.0,0.9258241758241759,0.7125,High,Portfolio Review Conversation,Infrastructure,12624609
A0091,Carol Williams,Liberty Global Markets,Wirehouse,Southwest,1B-5B,Wealth,RM009,12.0,76.41666666666667,7.0,0.0,370000000.0,0.7641666666666667,0.8,0.17142857142857143,1.0,0.9807692307692307,0.7116,High,Relationship Manager Follow-up,Private Credit,42028875
A0148,Deborah O'Brien,Riverstone Securities,Wirehouse,Northeast,1B-5B,Wealth,RM011,4.0,59.5,4.0,0.0,156750000.0,0.595,0.8,0.4375,1.0,0.945054945054945,0.7105,High,Relationship Manager Follow-up,Infrastructure,41963906
A0095,Joseph Lopez,Pinnacle Wealth Management,RIA,International,1B-5B,Wealth,RM003,31.0,81.48387096774194,4.0,0.0,255250000.0,0.8148387096774193,0.8,0.075,1.0,1.0,0.7095,High,Relationship Manager Follow-up,Infrastructure,53877656
A0338,Kevin Nakamura,Halcyon Wealth Management,RIA,Northeast,1B-5B,Wealth,RM007,13.0,57.46153846153846,4.0,0.0,178000000.0,0.5746153846153846,0.8,0.4375,1.0,0.9945054945054945,0.7093,High,Relationship Manager Follow-up,Private Credit,27928688
A0136,Deborah Lee,Ridge Private Capital,Family Office,West,1B-5B,Wealth,RM010,19.0,54.31578947368421,2.0,0.0,22000000.0,0.5431578947368422,0.8,0.5,1.0,0.9368131868131868,0.7066,High,Schedule Due Diligence Meeting,Real Estate,27822375
A0209,Joshua Allen,Halcyon Insurance Investments,Institutional Investor,West,1B-5B,Institutional,RM010,9.0,68.33333333333333,7.0,106750000.0,324000000.0,0.6833333333333332,0.8,0.4928571428571428,0.75,0.9038461538461539,0.7065,High,Portfolio Review Conversation,Real Estate,41727656
A0099,Karen Rodriguez,Compass Private Wealth,Private Bank,West,500M-1B,Wealth,RM001,27.0,80.92592592592592,4.0,0.0,90250000.0,0.8092592592592592,0.6,0.3375,1.0,0.9615384615384616,0.7064,High,Relationship Manager Follow-up,Private Credit,16092675
A0200,Brian Murphy,Sterling Pension Trust,Institutional Investor,Northeast,5B+,Institutional,RM007,40.0,73.7,1.0,0.0,128000000.0,0.737,0.95,0.0,1.0,0.9697802197802198,0.7056,High,Relationship Manager Follow-up,Real Estate,133358400
A0078,Mark Sullivan,Halcyon Private Capital,Family Office,Southeast,1B-5B,Wealth,RM016,36.0,79.27777777777777,3.0,0.0,226000000.0,0.7927777777777777,0.8,0.1,1.0,0.9752747252747253,0.7054,High,Relationship Manager Follow-up,Real Estate,53566312
A0374,Edward O'Brien,Evergreen Private Capital,Family Office,Southwest,1B-5B,Wealth,RM009,22.0,65.31818181818181,2.0,0.0,74000000.0,0.6531818181818181,0.8,0.3,1.0,0.9862637362637363,0.7046,High,Relationship Manager Follow-up,Private Credit,41615438
A0034,Andrew Wright,Granite Private Capital,Family Office,Northeast,5B+,Wealth,RM014,33.0,60.303030303030305,2.0,0.0,268750000.0,0.603030303030303,0.95,0.175,1.0,0.9972527472527473,0.7031,High,Relationship Manager Follow-up,Private Credit,88590600
A0043,Emily Jones,Evergreen Foundation,Institutional Investor,Southwest,1B-5B,Institutional,RM003,12.0,62.916666666666664,4.0,45750000.0,140250000.0,0.6291666666666667,0.8,0.5875,0.75,0.8406593406593407,0.7028,High,Portfolio Review Conversation,Real Estate,27672750
A0339,Mark Martin,Pinnacle Wealth Management,Wirehouse,Midwest,1B-5B,Wealth,RM004,16.0,52.125,2.0,0.0,58250000.0,0.52125,0.8,0.5,1.0,0.9587912087912088,0.7023,High,Schedule Due Diligence Meeting,Private Credit,27653062
A0110,Deborah Kim,Crown Global Markets,Wirehouse,West,100M-500M,Wealth,RM003,28.0,50.92857142857143,1.0,5250000.0,5000000.0,0.5092857142857143,0.4,1.0,1.0,0.9917582417582418,0.702,High,Portfolio Review Conversation,Private Credit,3316950
A0369,Deborah Martinez,Summit Pension Trust,Institutional Investor,Northeast,500M-1B,Institutional,RM011,22.0,67.5909090909091,2.0,0.0,31250000.0,0.6759090909090909,0.6,0.5,1.0,0.9862637362637363,0.7014,High,Schedule Due Diligence Meeting,Private Credit,12427931
A0027,Deborah Moore,Halcyon Global Markets,Wirehouse,Northeast,1B-5B,Wealth,RM006,14.0,78.14285714285714,3.0,0.0,213500000.0,0.7814285714285714,0.8,0.08333333333333334,1.0,1.0,0.7011,High,Relationship Manager Follow-up,Private Credit,53239781
A0052,Paul Jackson,Vanguard Trust & Banking,Private Bank,Northeast,500M-1B,Wealth,RM006,40.0,68.3,4.0,0.0,52500000.0,0.6829999999999999,0.6,0.5,1.0,0.9615384615384616,0.7011,High,Schedule Due Diligence Meeting,Private Equity,12422616
A0056,Elizabeth Gonzalez,Atlas Investment Solutions,Consultant,Northeast,1B-5B,Institutional,RM011,5.0,74.8,5.0,0.0,178500000.0,0.748,0.8,0.16,1.0,0.945054945054945,0.7009,High,Relationship Manager Follow-up,Private Equity,41396906
A0139,Ronald Murphy,Frontier Pension Trust,Institutional Investor,Southeast,1B-5B,Institutional,RM008,7.0,66.42857142857143,4.0,0.0,141500000.0,0.6642857142857143,0.8,0.4375,0.75,0.9945054945054945,0.6987,High,Relationship Manager Follow-up,Real Estate,41266969
A0229,Charles Brown,Coastal Wealth Management,RIA,International,500M-1B,Wealth,RM002,28.0,50.75,1.0,0.0,15250000.0,0.5075,0.6,0.75,1.0,0.9615384615384616,0.6984,High,Schedule Due Diligence Meeting,Real Estate,8249850
A0040,Carol Chen,Eaglewood Global Markets,Wirehouse,Midwest,500M-1B,Wealth,RM001,20.0,80.75,5.0,13750000.0,42500000.0,0.8075,0.6,0.34,1.0,0.8791208791208791,0.6982,High,Portfolio Review Conversation,Private Equity,15905869
A0263,Rebecca Jackson,Ridge Multi-Family Office,Family Office,Northeast,500M-1B,Wealth,RM014,26.0,51.0,1.0,0.0,6250000.0,0.51,0.6,0.75,1.0,0.9505494505494505,0.6981,High,Schedule Due Diligence Meeting,Real Estate,8246306
A0306,Melissa Smith,Ironwood Capital Advisors,RIA,Southwest,1B-5B,Wealth,RM009,4.0,89.0,5.0,0.0,154500000.0,0.89,0.8,0.34,0.5,0.8763736263736264,0.6976,High,Relationship Manager Follow-up,Real Estate,52974000
A0301,Michael Davis,Liberty Trust & Banking,Private Bank,West,1B-5B,Wealth,RM012,10.0,65.7,8.0,25750000.0,311000000.0,0.657,0.8,0.25625,1.0,0.989010989010989,0.6973,High,Portfolio Review Conversation,Private Credit,41184281
A0283,Barbara Wright,Heritage Wealth Management,Wirehouse,West,1B-5B,Wealth,RM010,17.0,66.6470588235294,5.0,15500000.0,221500000.0,0.666470588235294,0.8,0.47,0.75,0.8928571428571429,0.6957,High,Portfolio Review Conversation,Private Credit,41089781
A0037,Ronald Miller,Northstar Securities,Wirehouse,Midwest,500M-1B,Wealth,RM013,18.0,69.16666666666667,6.0,24750000.0,89250000.0,0.6916666666666668,0.6,0.43333333333333335,1.0,0.9972527472527473,0.6939,High,Portfolio Review Conversation,Private Credit,12295041
A0157,Nancy Johnson,Beacon Global Markets,Wirehouse,Southeast,500M-1B,Wealth,RM016,27.0,78.74074074074075,11.0,22500000.0,198000000.0,0.7874074074074074,0.6,0.3363636363636363,1.0,0.8983516483516484,0.6933,High,Portfolio Review Conversation,Private Credit,15794241
A0257,Kimberly Scott,Liberty Capital Advisors,RIA,Midwest,500M-1B,Wealth,RM004,24.0,67.08333333333333,1.0,0.0,13500000.0,0.6708333333333333,0.6,0.5,1.0,0.9175824175824175,0.693,High,Schedule Due Diligence Meeting,Private Credit,12279094
A0367,Susan Garcia,Cascade Family Office,Family Office,International,1B-5B,Wealth,RM002,29.0,68.03448275862068,4.0,0.0,192750000.0,0.6803448275862068,0.8,0.2,1.0,0.9807692307692307,0.6922,High,Relationship Manager Follow-up,Private Credit,40883062
A0063,Ashley Garcia,Summit Trust & Banking,Private Bank,Southeast,500M-1B,Wealth,RM016,15.0,68.93333333333334,5.0,8500000.0,70000000.0,0.6893333333333334,0.6,0.5,1.0,0.8516483516483516,0.692,High,Portfolio Review Conversation,Private Credit,12261375
A0336,David White,Halcyon Trust & Banking,Private Bank,Southeast,500M-1B,Wealth,RM005,8.0,61.75,9.0,25000000.0,85250000.0,0.6175,0.6,0.5666666666666667,1.0,0.9038461538461539,0.689,High,Portfolio Review Conversation,Real Estate,12208219
A0213,Carol Thomas,Pinnacle Investment Consulting,Consultant,Southeast,5B+,Institutional,RM016,9.0,71.77777777777777,6.0,0.0,657500000.0,0.7177777777777777,0.95,0.13333333333333333,0.75,0.9642857142857143,0.6884,High,Relationship Manager Follow-up,Private Credit,130107600
A0205,Timothy Jones,Lighthouse Private Wealth,Private Bank,Northeast,1B-5B,Wealth,RM014,15.0,51.0,4.0,0.0,157250000.0,0.51,0.8,0.4375,1.0,0.9752747252747253,0.688,High,Relationship Manager Follow-up,Infrastructure,27090000
A0331,Ryan Thompson,Evergreen Trust & Banking,Private Bank,International,1B-5B,Wealth,RM013,21.0,58.19047619047619,4.0,0.0,140000000.0,0.5819047619047619,0.8,0.4,1.0,0.8296703296703296,0.6875,High,Relationship Manager Follow-up,Private Credit,27070312
A0206,Sarah Jackson,Vanguard Endowment,Institutional Investor,Midwest,500M-1B,Institutional,RM004,5.0,69.2,3.0,12250000.0,57750000.0,0.6920000000000001,0.6,0.5833333333333334,0.75,1.0,0.6868,High,Portfolio Review Conversation,Infrastructure,12169238
A0262,Ronald Lewis,Lighthouse Securities,Wirehouse,Southwest,1B-5B,Wealth,RM009,11.0,73.54545454545455,4.0,0.0,221750000.0,0.7354545454545455,0.8,0.275,0.75,0.9725274725274725,0.6854,High,Relationship Manager Follow-up,Private Credit,40481438
A0313,Charles Gonzalez,Pinnacle Family Office,Family Office,West,500M-1B,Wealth,RM013,5.0,84.6,5.0,0.0,53750000.0,0.846,0.6,0.35,0.75,0.989010989010989,0.6852,High,Relationship Manager Follow-up,Private Equity,15609713
A0212,Matthew Thomas,Crown Securities,Wirehouse,Northeast,100M-500M,Wealth,RM007,20.0,73.55,3.0,8500000.0,23250000.0,0.7354999999999999,0.4,0.5833333333333334,1.0,0.9725274725274725,0.6846,High,Portfolio Review Conversation,Private Credit,6238418
A0276,Nancy Walker,Summit Wealth Partners,RIA,Midwest,100M-500M,Wealth,RM005,66.0,74.93939393939394,2.0,11250000.0,16750000.0,0.7493939393939394,0.4,0.55,1.0,0.9972527472527473,0.6845,High,Portfolio Review Conversation,Private Credit,6237506
A0077,Sarah Moore,Meridian Family Office,Family Office,Midwest,500M-1B,Wealth,RM005,21.0,48.714285714285715,2.0,0.0,26250000.0,0.48714285714285716,0.6,0.75,1.0,0.8818681318681318,0.6843,Medium,Invite to Market Outlook Webinar,Private Credit,8083294
A0057,David Hill,Crown Private Capital,Family Office,International,500M-1B,Wealth,RM015,16.0,54.5,4.0,21750000.0,34500000.0,0.545,0.6,0.625,1.0,0.9478021978021978,0.6833,Medium,Invite to Market Outlook Webinar,Real Estate,8071481
A0220,Donna Davis,Ridge Securities,Wirehouse,International,100M-500M,Wealth,RM015,36.0,72.33333333333333,6.0,11750000.0,40250000.0,0.7233333333333333,0.4,0.5833333333333334,1.0,0.9917582417582418,0.6828,Medium,Invite to Market Outlook Webinar,Real Estate,6222015
A0133,Charles Martin,Coastal Securities,Wirehouse,Northeast,1B-5B,Wealth,RM014,6.0,75.0,3.0,0.0,172250000.0,0.75,0.8,0.31666666666666665,0.75,0.8131868131868132,0.6822,Medium,Re-engagement Campaign,Real Estate,51804562
A0038,Rebecca Kim,Crown Private Capital,Family Office,West,1B-5B,Wealth,RM012,9.0,67.55555555555556,6.0,42000000.0,262250000.0,0.6755555555555556,0.8,0.39166666666666666,0.75,0.8846153846153846,0.682,Medium,Invite to Market Outlook Webinar,Real Estate,40280625
A0358,Sharon Perez,Lighthouse Capital Advisors,RIA,West,100M-500M,Wealth,RM012,14.0,70.85714285714286,2.0,10250000.0,14500000.0,0.7085714285714286,0.4,0.625,1.0,0.9423076923076923,0.6818,Medium,Invite to Market Outlook Webinar,Real Estate,6212902
A0340,Karen Hill,Granite Foundation,Institutional Investor,Southeast,1B-5B,Institutional,RM016,34.0,55.14705882352941,6.0,0.0,179000000.0,0.5514705882352942,0.8,0.33333333333333337,1.0,0.9917582417582418,0.6813,Medium,Invite to Market Outlook Webinar,Real Estate,26826188
A0287,Ronald Adams,Trident Private Wealth,Private Bank,Northeast,1B-5B,Wealth,RM006,8.0,67.625,4.0,0.0,209250000.0,0.67625,0.8,0.3,1.0,0.6813186813186813,0.681,Medium,Re-engagement Campaign,Private Credit,40221563
A0032,Sarah Nakamura,Eaglewood Private Wealth,Private Bank,West,500M-1B,Wealth,RM001,8.0,73.625,3.0,0.0,45750000.0,0.73625,0.6,0.45,1.0,0.7005494505494505,0.6809,Medium,Re-engagement Campaign,Private Credit,12064697
A0311,Elizabeth Sullivan,Cedar Private Capital,Family Office,Midwest,500M-1B,Wealth,RM004,14.0,77.85714285714286,4.0,0.0,80500000.0,0.7785714285714286,0.6,0.25,1.0,0.9725274725274725,0.6808,Medium,Invite to Market Outlook Webinar,Private Credit,15509475
A0009,Amanda Thompson,Northstar Securities,Wirehouse,West,1B-5B,Wealth,RM010,22.0,67.4090909090909,5.0,0.0,298250000.0,0.6740909090909091,0.8,0.25,1.0,0.782967032967033,0.6805,Medium,Re-engagement Campaign,Real Estate,40192031
A0155,Paul Harris,Eaglewood Trust & Banking,Private Bank,Northeast,1B-5B,Wealth,RM011,19.0,57.78947368421053,0.0,0.0,0.0,0.5778947368421052,0.8,0.3133684210526315,1.0,0.9258241758241759,0.6786,Medium,Invite to Market Outlook Webinar,Private Credit,26719875
A0292,Deborah Wilson,Atlas Wealth Management,RIA,International,1B-5B,Wealth,RM016,8.0,75.625,4.0,0.0,238000000.0,0.75625,0.8,0.275,0.75,0.8241758241758241,0.6768,Medium,Re-engagement Campaign,Private Credit,39973500
A0253,Donald Ramirez,Heritage Securities,Wirehouse,Midwest,1B-5B,Wealth,RM004,5.0,57.2,4.0,17750000.0,114000000.0,0.5720000000000001,0.8,0.5625,0.75,0.7967032967032968,0.6763,Medium,Re-engagement Campaign,Infrastructure,26629312
A0289,Sandra Kim,Ridge Wealth Partners,RIA,Southwest,500M-1B,Wealth,RM008,32.0,73.125,8.0,0.0,142750000.0,0.73125,0.6,0.30625,1.0,0.9560439560439561,0.6762,Medium,Invite to Market Outlook Webinar,Real Estate,15404681
A0245,Andrew Johnson,Beacon Private Bank,Private Bank,West,100M-500M,Wealth,RM010,22.0,75.5,2.0,10750000.0,21500000.0,0.755,0.4,0.5,1.0,0.9752747252747253,0.674,Medium,Invite to Market Outlook Webinar,Private Equity,6141825
A0207,Andrew Brown,Crown Private Capital,Family Office,Southeast,1B-5B,Wealth,RM008,12.0,51.583333333333336,2.0,0.0,46500000.0,0.5158333333333334,0.8,0.375,1.0,0.9395604395604396,0.6737,Medium,Invite to Market Outlook Webinar,Infrastructure,26526938
A0332,Sharon Gonzalez,Cascade Family Wealth,RIA,West,100M-500M,Wealth,RM001,3.0,68.0,1.0,4750000.0,5000000.0,0.68,0.4,1.0,0.5,0.9368131868131868,0.6727,Medium,Invite to Market Outlook Webinar,Real Estate,4767761
A0102,Cynthia King,Halcyon Private Capital,Family Office,West,5B+,Wealth,RM002,34.0,61.411764705882355,1.0,0.0,132750000.0,0.6141176470588235,0.95,0.0,1.0,0.9945054945054945,0.6712,Medium,Invite to Market Outlook Webinar,Private Credit,84571200
A0335,Steven Reed,Ridge Pension Trust,Institutional Investor,Northeast,1B-5B,Institutional,RM006,34.0,57.911764705882355,1.0,0.0,16500000.0,0.5791176470588235,0.8,0.25,1.0,0.9725274725274725,0.671,Medium,Invite to Market Outlook Webinar,Private Credit,26420625
A0068,Ryan Wilson,Coastal Securities,Wirehouse,Midwest,5B+,Wealth,RM004,11.0,63.54545454545455,4.0,0.0,317000000.0,0.6354545454545455,0.95,0.25,0.75,0.7884615384615384,0.6695,Medium,Re-engagement Campaign,Private Credit,84357000
A0167,Elizabeth White,Trident Private Bank,Private Bank,Southeast,1B-5B,Wealth,RM008,12.0,55.5,2.0,0.0,72250000.0,0.555,0.8,0.3,1.0,0.9285714285714286,0.6694,Medium,Invite to Market Outlook Webinar,Real Estate,26357625
A0273,Deborah Thompson,Cascade Private Capital,Family Office,West,1B-5B,Wealth,RM012,26.0,68.61538461538461,3.0,0.0,92500000.0,0.6861538461538461,0.8,0.06666666666666667,1.0,0.9972527472527473,0.6689,Medium,Invite to Market Outlook Webinar,Real Estate,39506906
A0061,Matthew Torres,Northstar Investment Solutions,Consultant,Northeast,500M-1B,Institutional,RM006,17.0,61.8235294117647,3.0,15750000.0,49250000.0,0.618235294117647,0.6,0.45,1.0,0.9258241758241759,0.6681,Medium,Invite to Market Outlook Webinar,Real Estate,11837897
A0127,Joseph Ramirez,Heritage Family Wealth,RIA,Northeast,100M-500M,Wealth,RM014,46.0,72.97826086956522,3.0,2750000.0,10250000.0,0.7297826086956521,0.4,0.5,1.0,0.9725274725274725,0.6662,Medium,Invite to Market Outlook Webinar,Real Estate,6070748
A0174,William Green,Pinnacle Foundation,Institutional Investor,Southeast,5B+,Institutional,RM016,35.0,59.714285714285715,1.0,0.0,166000000.0,0.5971428571428572,0.95,0.0,1.0,0.9917582417582418,0.6658,Medium,Invite to Market Outlook Webinar,Real Estate,83890800
A0144,Ryan Sullivan,Cedar Foundation,Institutional Investor,Northeast,1B-5B,Institutional,RM007,13.0,66.61538461538461,8.0,0.0,402750000.0,0.6661538461538461,0.8,0.3375,0.75,0.8571428571428572,0.6656,Medium,Invite to Market Outlook Webinar,Private Credit,39312000
A0259,Karen Lee,Cornerstone Wealth Partners,RIA,Northeast,<100M,Wealth,RM007,27.0,70.51851851851852,2.0,5000000.0,10000000.0,0.7051851851851851,0.15,0.875,1.0,0.9010989010989011,0.6642,Medium,Invite to Market Outlook Webinar,Private Credit,1008754
A0104,Sarah Chen,Cedar Investment Solutions,Consultant,Northeast,500M-1B,Institutional,RM011,11.0,74.18181818181819,3.0,0.0,44250000.0,0.7418181818181818,0.6,0.41666666666666663,0.75,0.9505494505494505,0.6634,Medium,Invite to Market Outlook Webinar,Private Credit,15113081
A0164,Joseph Walker,Cascade Global Markets,Wirehouse,Northeast,5B+,Wealth,RM001,4.0,57.5,3.0,0.0,400250000.0,0.575,0.95,0.31666666666666665,0.75,0.7747252747252747,0.6633,Medium,Re-engagement Campaign,Infrastructure,83575800
A0001,Thomas Nakamura,Vanguard Private Capital,Family Office,Northeast,1B-5B,Wealth,RM006,21.0,52.95238095238095,2.0,0.0,93500000.0,0.5295238095238095,0.8,0.3,1.0,0.9368131868131868,0.6625,Medium,Invite to Market Outlook Webinar,Real Estate,26085938
A0005,Jason Ramirez,Eaglewood Family Office,Family Office,Northeast,500M-1B,Wealth,RM006,16.0,63.0625,4.0,0.0,40750000.0,0.630625,0.6,0.375,1.0,0.978021978021978,0.662,Medium,Invite to Market Outlook Webinar,Real Estate,11729812
A0252,Jessica Rodriguez,Riverstone Advisors LLC,RIA,Southeast,500M-1B,Wealth,RM008,21.0,69.19047619047619,8.0,0.0,130750000.0,0.6919047619047619,0.6,0.29375,1.0,0.9560439560439561,0.6619,Medium,Invite to Market Outlook Webinar,Infrastructure,11728041
A0114,William Jones,Evergreen Wealth Management,Wirehouse,Southeast,5B+,Wealth,RM016,7.0,55.714285714285715,5.0,0.0,373250000.0,0.5571428571428572,0.95,0.24,0.75,0.967032967032967,0.6618,Medium,Invite to Market Outlook Webinar,Private Credit,83386800
A0153,Jeffrey Martin,Bayview Endowment,Institutional Investor,West,1B-5B,Institutional,RM010,5.0,76.2,4.0,75750000.0,272500000.0,0.762,0.8,0.525,0.5,0.5054945054945055,0.6591,Medium,Re-engagement Campaign,Private Credit,50050406
A0318,Mary Sullivan,Beacon Capital Advisors,RIA,Midwest,<100M,Wealth,RM005,5.0,70.4,0.0,0.0,0.0,0.7040000000000001,0.15,0.8062,1.0,0.9917582417582418,0.6591,Medium,Invite to Market Outlook Webinar,Private Equity,1001008
A0267,Thomas Martinez,Bayview Family Wealth,RIA,Northeast,100M-500M,Wealth,RM007,23.0,74.21739130434783,4.0,3000000.0,19250000.0,0.7421739130434782,0.4,0.4375,1.0,0.9835164835164835,0.6585,Medium,Invite to Market Outlook Webinar,Real Estate,6000581
A0026,Elizabeth Harris,Bayview Insurance Investments,Institutional Investor,Northeast,500M-1B,Institutional,RM011,57.0,52.63157894736842,3.0,0.0,29250000.0,0.5263157894736842,0.6,0.5,1.0,0.9972527472527473,0.6576,Medium,Invite to Market Outlook Webinar,Infrastructure,7767900
A0060,Sarah Hernandez,Frontier Foundation,Institutional Investor,Northeast,<100M,Institutional,RM006,20.0,57.85,1.0,2500000.0,2500000.0,0.5785,0.15,1.0,1.0,0.9642857142857143,0.6575,Medium,Invite to Market Outlook Webinar,Infrastructure,776672
A0172,Richard Allen,Crown Global Markets,Wirehouse,Southwest,1B-5B,Wealth,RM009,29.0,57.44827586206897,2.0,0.0,65750000.0,0.5744827586206896,0.8,0.175,1.0,0.9945054945054945,0.6568,Medium,Invite to Market Outlook Webinar,Private Credit,25861500
A0309,Sandra Sanchez,Compass Global Markets,Wirehouse,Southeast,500M-1B,Wealth,RM008,9.0,63.0,3.0,0.0,33250000.0,0.63,0.6,0.41666666666666663,1.0,0.8269230769230769,0.655,Medium,Re-engagement Campaign,Private Credit,11605781
A0045,Kenneth Patel,Halcyon Advisors LLC,RIA,Southeast,500M-1B,Wealth,RM016,29.0,67.24137931034483,5.0,6500000.0,48250000.0,0.6724137931034483,0.6,0.27,1.0,0.9917582417582418,0.6549,Medium,Invite to Market Outlook Webinar,Infrastructure,11604009
A0190,Joshua White,Northstar Private Bank,Private Bank,Southwest,<100M,Wealth,RM009,17.0,69.47058823529412,0.0,0.0,0.0,0.6947058823529412,0.15,0.8034117647058823,1.0,0.978021978021978,0.6544,Medium,Invite to Market Outlook Webinar,Private Equity,993870
A0049,Steven Taylor,Coastal Global Markets,Wirehouse,Midwest,100M-500M,Wealth,RM011,37.0,62.67567567567568,5.0,11750000.0,29250000.0,0.6267567567567568,0.4,0.59,1.0,0.978021978021978,0.6538,Medium,Invite to Market Outlook Webinar,Real Estate,4633808
A0347,Deborah Scott,Bayview Securities,Wirehouse,Southwest,500M-1B,Wealth,RM003,32.0,49.46875,3.0,6500000.0,26000000.0,0.4946875,0.6,0.5333333333333333,1.0,0.9862637362637363,0.6537,Medium,Invite to Market Outlook Webinar,Infrastructure,7721831
A0075,Laura Wright,Lighthouse Wealth Partners,RIA,West,<100M,Wealth,RM001,10.0,71.0,3.0,8000000.0,8750000.0,0.71,0.15,0.75,1.0,0.9917582417582418,0.6497,Medium,Invite to Market Outlook Webinar,Infrastructure,986732
A0248,Andrew Lewis,Keystone Wealth Partners,RIA,Southeast,500M-1B,Wealth,RM013,9.0,53.111111111111114,4.0,0.0,38500000.0,0.5311111111111111,0.6,0.4625,1.0,0.9615384615384616,0.648,Medium,Invite to Market Outlook Webinar,Private Credit,7654500
A0015,William Rodriguez,Sterling Securities,Wirehouse,International,100M-500M,Wealth,RM005,18.0,78.22222222222223,8.0,5500000.0,63000000.0,0.7822222222222223,0.4,0.31875,1.0,0.9945054945054945,0.6479,Medium,Invite to Market Outlook Webinar,Private Credit,5903989
A0345,Andrew Singh,Meridian Private Capital,Family Office,Southeast,1B-5B,Wealth,RM016,23.0,60.30434782608695,3.0,0.0,109250000.0,0.6030434782608696,0.8,0.08333333333333334,1.0,0.989010989010989,0.6465,Medium,Invite to Market Outlook Webinar,Real Estate,25455938
A0218,Patricia Goldberg,Crescent Multi-Family Office,Family Office,Northeast,500M-1B,Wealth,RM006,7.0,80.28571428571429,6.0,6250000.0,74000000.0,0.8028571428571429,0.6,0.2916666666666667,0.75,0.8461538461538461,0.6463,Medium,Invite to Market Outlook Webinar,Infrastructure,14723522
A0036,Dorothy Smith,Crescent Wealth Management,RIA,Southeast,100M-500M,Wealth,RM008,41.0,60.8780487804878,4.0,15500000.0,29500000.0,0.608780487804878,0.4,0.5625,1.0,1.0,0.6451,Medium,Invite to Market Outlook Webinar,Real Estate,4572146
A0256,Matthew Taylor,Meridian Trust & Banking,Private Bank,International,500M-1B,Wealth,RM015,28.0,49.785714285714285,3.0,0.0,28000000.0,0.49785714285714283,0.6,0.5,1.0,0.9532967032967032,0.6447,Medium,Invite to Market Outlook Webinar,Private Credit,7615519
A0310,Stephanie Anderson,Harbor Family Office,Family Office,Southwest,500M-1B,Wealth,RM010,28.0,51.214285714285715,5.0,0.0,50250000.0,0.5121428571428571,0.6,0.47,1.0,0.9697802197802198,0.6446,Medium,Invite to Market Outlook Webinar,Real Estate,7614337
A0185,Timothy Williams,Beacon Wealth Partners,RIA,Southwest,100M-500M,Wealth,RM004,4.0,71.25,4.0,11000000.0,20250000.0,0.7125,0.4,0.625,0.75,0.9285714285714286,0.6441,Medium,Invite to Market Outlook Webinar,Infrastructure,5869361
A0196,Ryan Sanchez,Lighthouse Family Wealth,RIA,Southwest,500M-1B,Wealth,RM009,28.0,77.03571428571429,4.0,0.0,77500000.0,0.770357142857143,0.6,0.1125,1.0,0.8928571428571429,0.6429,Medium,Invite to Market Outlook Webinar,Real Estate,14646066
A0033,Dorothy Lewis,Crown Advisory Group,Consultant,West,500M-1B,Institutional,RM009,26.0,65.38461538461539,7.0,0.0,106250000.0,0.6538461538461539,0.6,0.2571428571428572,1.0,0.945054945054945,0.6421,Medium,Invite to Market Outlook Webinar,Private Credit,11377209
A0216,Matthew Torres,Crown Wealth Management,Wirehouse,Southeast,500M-1B,Wealth,RM008,2.0,68.5,2.0,9000000.0,13500000.0,0.685,0.6,0.55,0.5,0.9945054945054945,0.64,Medium,Invite to Market Outlook Webinar,Infrastructure,11340000
A0285,Sarah Jackson,Ridge Advisory Group,Consultant,Northeast,500M-1B,Institutional,RM011,41.0,65.36585365853658,3.0,0.0,51750000.0,0.6536585365853658,0.6,0.2333333333333333,1.0,0.967032967032967,0.6395,Medium,Invite to Market Outlook Webinar,Private Credit,11331141
A0188,Barbara Perez,Liberty Wealth Partners,RIA,Midwest,100M-500M,Wealth,RM004,10.0,75.2,4.0,0.0,37750000.0,0.752,0.4,0.4,1.0,0.8379120879120879,0.6394,Medium,Invite to Market Outlook Webinar,Private Equity,5826532
A0022,Kimberly Martinez,Riverstone Family Wealth,RIA,Northeast,100M-500M,Wealth,RM003,22.0,62.81818181818182,2.0,1750000.0,6750000.0,0.6281818181818182,0.4,0.5,1.0,0.9972527472527473,0.6382,Medium,Invite to Market Outlook Webinar,Private Credit,4523242
A0233,James Lee,Keystone Trust & Banking,Private Bank,Northeast,500M-1B,Wealth,RM004,33.0,51.333333333333336,5.0,0.0,48500000.0,0.5133333333333333,0.6,0.42,1.0,1.0,0.638,Medium,Invite to Market Outlook Webinar,Private Credit,7536375
A0154,Mary Murphy,Sterling Wealth Management,RIA,Southwest,100M-500M,Wealth,RM002,20.0,64.9,3.0,8750000.0,18000000.0,0.649,0.4,0.5,1.0,0.9175824175824175,0.6365,Medium,Invite to Market Outlook Webinar,Real Estate,4511194
A0158,Robert Taylor,Eaglewood Multi-Family Office,Family Office,Northeast,500M-1B,Wealth,RM007,22.0,53.09090909090909,4.0,0.0,42500000.0,0.5309090909090909,0.6,0.4,1.0,0.9697802197802198,0.6363,Medium,Invite to Market Outlook Webinar,Infrastructure,7516294
A0079,Margaret Scott,Compass Advisors LLC,RIA,International,100M-500M,Wealth,RM015,11.0,63.81818181818182,1.0,0.0,6000000.0,0.6381818181818182,0.4,0.5,1.0,0.945054945054945,0.636,Medium,Invite to Market Outlook Webinar,Infrastructure,4507650
A0004,Donna Thompson,Coastal Private Capital,Family Office,West,1B-5B,Wealth,RM016,11.0,56.36363636363637,6.0,0.0,152250000.0,0.5636363636363637,0.8,0.1,1.0,0.9642857142857143,0.6355,Medium,Invite to Market Outlook Webinar,Private Credit,25022812
A0053,Ashley King,Sterling Private Capital,Family Office,Southeast,500M-1B,Wealth,RM008,2.0,78.5,5.0,8750000.0,72500000.0,0.785,0.6,0.52,0.5,0.706043956043956,0.6351,Medium,Re-engagement Campaign,Private Equity,11253178
A0361,Mark Wright,Harbor Family Office,Family Office,West,1B-5B,Wealth,RM001,4.0,65.75,5.0,45250000.0,141500000.0,0.6575,0.8,0.39,0.5,0.8434065934065934,0.6346,Medium,Invite to Market Outlook Webinar,Real Estate,24987375
A0183,Sarah Torres,Halcyon Advisors LLC,RIA,Northeast,1B-5B,Wealth,RM014,60.0,54.85,2.0,0.0,47500000.0,0.5485,0.8,0.1,1.0,0.9945054945054945,0.634,Medium,Invite to Market Outlook Webinar,Private Credit,24963750
A0113,Joshua Moore,Coastal Wealth Management,Wirehouse,Northeast,500M-1B,Wealth,RM003,23.0,65.73913043478261,7.0,12750000.0,107000000.0,0.6573913043478261,0.6,0.22857142857142856,1.0,0.9038461538461539,0.6333,Medium,Invite to Market Outlook Webinar,Real Estate,11221284
A0203,Robert Wright,Coastal Investment Solutions,Consultant,Northeast,500M-1B,Institutional,RM006,33.0,61.21212121212121,1.0,0.0,22000000.0,0.6121212121212121,0.6,0.25,1.0,0.9917582417582418,0.6328,Medium,Invite to Market Outlook Webinar,Real Estate,11212425
A0120,Lisa White,Evergreen Global Markets,Wirehouse,Northeast,100M-500M,Wealth,RM009,18.0,62.94444444444444,5.0,3750000.0,20000000.0,0.6294444444444445,0.4,0.47,1.0,0.989010989010989,0.6317,Medium,Invite to Market Outlook Webinar,Private Credit,4477174
A0202,Jennifer Hernandez,Bayview Trust & Banking,Private Bank,International,100M-500M,Wealth,RM002,25.0,75.72,3.0,0.0,33000000.0,0.7572,0.4,0.2833333333333333,1.0,0.978021978021978,0.6316,Medium,Invite to Market Outlook Webinar,Private Credit,5755455
A0151,Anthony Adams,Harbor Global Markets,Wirehouse,Southwest,100M-500M,Wealth,RM003,19.0,74.52631578947368,4.0,0.0,24750000.0,0.7452631578947368,0.4,0.275,1.0,1.0,0.6286,Medium,Invite to Market Outlook Webinar,Private Credit,5728118
A0098,Paul Lee,Coastal Private Bank,Private Bank,Southwest,100M-500M,Wealth,RM009,22.0,78.0909090909091,4.0,0.0,22500000.0,0.7809090909090909,0.4,0.2375,1.0,0.967032967032967,0.6285,Medium,Invite to Market Outlook Webinar,Private Credit,5727206
A0178,Timothy King,Halcyon Endowment,Institutional Investor,Midwest,1B-5B,Institutional,RM004,3.0,80.66666666666667,6.0,0.0,342250000.0,0.8066666666666668,0.8,0.325,0.5,0.4560439560439561,0.6276,Medium,Re-engagement Campaign,Real Estate,47658375
A0240,Nancy Perez,Pinnacle Wealth Partners,RIA,Midwest,500M-1B,Wealth,RM005,16.0,69.0,3.0,0.0,45500000.0,0.69,0.6,0.11666666666666665,1.0,0.9725274725274725,0.6276,Medium,Invite to Market Outlook Webinar,Real Estate,11120288
A0373,Andrew Smith,Trident Wealth Partners,RIA,Midwest,500M-1B,Wealth,RM005,39.0,52.41025641025641,5.0,0.0,49000000.0,0.5241025641025641,0.6,0.35,1.0,0.9972527472527473,0.627,Medium,Invite to Market Outlook Webinar,Real Estate,7406437
A0366,Patricia Nakamura,Riverstone Wealth Management,RIA,Northeast,100M-500M,Wealth,RM014,11.0,76.18181818181819,7.0,0.0,47250000.0,0.7618181818181818,0.4,0.2571428571428572,1.0,0.9642857142857143,0.6264,Medium,Invite to Market Outlook Webinar,Private Equity,5708070
A0295,Karen Thomas,Vanguard Wealth Management,Wirehouse,West,1B-5B,Wealth,RM009,14.0,55.857142857142854,4.0,0.0,145250000.0,0.5585714285714285,0.8,0.05,1.0,0.9752747252747253,0.6251,Medium,Invite to Market Outlook Webinar,Real Estate,24613312
A0351,Mark Nakamura,Cedar Investment Consulting,Consultant,Northeast,500M-1B,Institutional,RM007,19.0,51.10526315789474,4.0,0.0,37750000.0,0.5110526315789474,0.6,0.3625,1.0,0.9917582417582418,0.625,Medium,Invite to Market Outlook Webinar,Real Estate,7382812
A0017,Jeffrey Wilson,Summit Family Office,Family Office,West,500M-1B,Wealth,RM002,47.0,50.361702127659576,4.0,11750000.0,42500000.0,0.5036170212765958,0.6,0.375,1.0,0.9862637362637363,0.6247,Medium,Invite to Market Outlook Webinar,Real Estate,7379269
A0364,Charles Allen,Meridian Wealth Management,RIA,Southwest,500M-1B,Wealth,RM003,9.0,60.77777777777778,5.0,10750000.0,52500000.0,0.6077777777777778,0.6,0.5,0.75,0.7912087912087912,0.624,Medium,Re-engagement Campaign,Real Estate,7371000
A0368,Kenneth Jackson,Cascade Family Office,Family Office,International,1B-5B,Wealth,RM008,4.0,59.5,5.0,0.0,257750000.0,0.595,0.8,0.47,0.75,0.39010989010989006,0.624,Medium,Re-engagement Campaign,Private Equity,36855000
A0092,Timothy Chen,Cornerstone Family Wealth,RIA,Southwest,100M-500M,Wealth,RM009,19.0,63.8421052631579,3.0,6000000.0,17750000.0,0.638421052631579,0.4,0.41666666666666663,1.0,0.989010989010989,0.6238,Medium,Invite to Market Outlook Webinar,Real Estate,4421182
A0226,Ronald Lewis,Frontier Multi-Family Office,Family Office,Northeast,100M-500M,Wealth,RM006,16.0,61.5625,8.0,0.0,38500000.0,0.615625,0.4,0.45,1.0,0.967032967032967,0.6214,Medium,Invite to Market Outlook Webinar,Private Credit,4404172
A0397,Sandra Jackson,Heritage Family Wealth,RIA,Southeast,1B-5B,Wealth,RM013,21.0,55.04761904761905,4.0,0.0,93750000.0,0.5504761904761906,0.8,0.05,1.0,0.9615384615384616,0.6213,Medium,Invite to Market Outlook Webinar,Private Credit,24463687
A0023,Betty Gonzalez,Pinnacle Wealth Management,RIA,Midwest,500M-1B,Wealth,RM001,6.0,78.33333333333333,7.0,0.0,129000000.0,0.7833333333333333,0.6,0.24285714285714285,0.75,0.7472527472527473,0.6208,Medium,Re-engagement Campaign,Infrastructure,14142600
A0383,Anthony Wilson,Lighthouse Advisors LLC,RIA,West,1B-5B,Wealth,RM010,9.0,52.666666666666664,6.0,0.0,144000000.0,0.5266666666666666,0.8,0.20833333333333331,1.0,0.6923076923076923,0.6189,Medium,Re-engagement Campaign,Private Credit,24369188
A0314,Susan Moore,Sterling Wealth Management,RIA,Northeast,<100M,Wealth,RM016,17.0,43.8235294117647,1.0,4750000.0,5000000.0,0.43823529411764706,0.15,1.0,1.0,0.9972527472527473,0.6187,Medium,Invite to Market Outlook Webinar,Infrastructure,487226
A0011,Thomas Clark,Evergreen Global Markets,Wirehouse,Northeast,1B-5B,Wealth,RM014,4.0,69.5,4.0,0.0,160500000.0,0.695,0.8,0.375,0.5,0.5934065934065934,0.6178,Medium,Re-engagement Campaign,Infrastructure,36488812
A0024,Donna Sullivan,Lighthouse Private Bank,Private Bank,Southeast,500M-1B,Wealth,RM008,63.0,51.22222222222222,4.0,0.0,30250000.0,0.5122222222222222,0.6,0.3125,1.0,0.9972527472527473,0.6159,Medium,Invite to Market Outlook Webinar,Private Credit,7275319
A0094,Rebecca Scott,Cedar Securities,Wirehouse,Midwest,500M-1B,Wealth,RM005,32.0,52.28125,2.0,0.0,24250000.0,0.5228125,0.6,0.3,1.0,0.989010989010989,0.6157,Medium,Invite to Market Outlook Webinar,Private Credit,7272956
A0396,Donald Robinson,Cascade Wealth Management,RIA,Southeast,500M-1B,Wealth,RM016,31.0,53.54838709677419,3.0,0.0,20500000.0,0.535483870967742,0.6,0.2833333333333333,1.0,0.9807692307692307,0.6154,Medium,Invite to Market Outlook Webinar,Private Equity,7269412
A0059,Ronald Green,Cascade Trust & Banking,Private Bank,International,500M-1B,Wealth,RM002,28.0,50.57142857142857,4.0,0.0,43250000.0,0.5057142857142857,0.6,0.3375,1.0,0.9615384615384616,0.6154,Medium,Invite to Market Outlook Webinar,Private Credit,7269412
A0264,Ryan Rodriguez,Ridge Private Capital,Family Office,Southwest,100M-500M,Wealth,RM003,6.0,61.666666666666664,7.0,4500000.0,40500000.0,0.6166666666666667,0.4,0.44285714285714284,1.0,0.9065934065934066,0.6142,Medium,Invite to Market Outlook Webinar,Private Equity,4353142
A0281,Barbara Sullivan,Cascade Global Markets,Wirehouse,Southwest,100M-500M,Wealth,RM009,28.0,62.142857142857146,2.0,0.0,13500000.0,0.6214285714285714,0.4,0.425,1.0,0.9010989010989011,0.6115,Medium,Invite to Market Outlook Webinar,Infrastructure,4334006
A0342,Jason Nakamura,Sterling Capital Advisors,RIA,Southwest,500M-1B,Wealth,RM003,43.0,51.25581395348837,0.0,0.0,0.0,0.5125581395348837,0.6,0.2937674418604651,1.0,0.9835164835164835,0.6109,Medium,Invite to Market Outlook Webinar,Real Estate,7216256
A0217,Michael Adams,Halcyon Advisory Group,Consultant,Northeast,100M-500M,Institutional,RM006,12.0,59.416666666666664,3.0,7500000.0,17000000.0,0.5941666666666666,0.4,0.41666666666666663,1.0,0.989010989010989,0.6105,Medium,Invite to Market Outlook Webinar,Private Credit,4326919
A0089,David Allen,Cornerstone Family Office,Family Office,Midwest,500M-1B,Wealth,RM012,15.0,65.73333333333333,4.0,0.0,55250000.0,0.6573333333333333,0.6,0.275,0.75,0.9560439560439561,0.6103,Medium,Invite to Market Outlook Webinar,Private Credit,10813753
A0067,Ryan Green,Ironwood Endowment,Institutional Investor,Southeast,500M-1B,Institutional,RM016,6.0,57.333333333333336,2.0,0.0,15250000.0,0.5733333333333334,0.6,0.5,0.75,0.7527472527472527,0.6098,Medium,Re-engagement Campaign,Infrastructure,7203262
A0291,Nancy Rodriguez,Cedar Wealth Management,RIA,Southwest,100M-500M,Wealth,RM003,14.0,55.857142857142854,3.0,9000000.0,21000000.0,0.5585714285714285,0.4,0.5833333333333334,1.0,0.75,0.6092,Medium,Re-engagement Campaign,Private Credit,4317705
A0160,Laura Hernandez,Granite Private Wealth,Private Bank,International,100M-500M,Wealth,RM002,14.0,65.5,4.0,6250000.0,25250000.0,0.655,0.4,0.375,1.0,0.8708791208791209,0.6086,Medium,Invite to Market Outlook Webinar,Infrastructure,4313452
A0125,Sarah Hernandez,Eaglewood Capital Advisors,RIA,Northeast,100M-500M,Wealth,RM013,10.0,68.2,4.0,0.0,14500000.0,0.682,0.4,0.3375,1.0,0.8626373626373627,0.6084,Medium,Invite to Market Outlook Webinar,Real Estate,4312035
A0106,Stephanie Young,Lighthouse Private Wealth,Private Bank,West,100M-500M,Wealth,RM001,16.0,62.1875,5.0,5000000.0,31250000.0,0.621875,0.4,0.39,1.0,0.9368131868131868,0.6082,Medium,Invite to Market Outlook Webinar,Infrastructure,4310618
A0385,Melissa Taylor,Compass Family Office,Family Office,West,100M-500M,Wealth,RM001,17.0,64.17647058823529,8.0,7000000.0,31750000.0,0.6417647058823529,0.4,0.38125,1.0,0.8901098901098901,0.6078,Medium,Invite to Market Outlook Webinar,Real Estate,4307782
A0266,Margaret Thomas,Crescent Trust & Banking,Private Bank,West,100M-500M,Wealth,RM010,12.0,74.58333333333333,6.0,0.0,42000000.0,0.7458333333333332,0.4,0.2,1.0,0.9368131868131868,0.6074,Medium,Invite to Market Outlook Webinar,Infrastructure,5534933
A0171,George Torres,Riverstone Wealth Management,Wirehouse,Southeast,100M-500M,Wealth,RM016,29.0,61.206896551724135,5.0,0.0,34000000.0,0.6120689655172413,0.4,0.37,1.0,0.989010989010989,0.6065,Medium,Invite to Market Outlook Webinar,Real Estate,4298569
A0249,Stephanie Thompson,Cascade Private Wealth,Private Bank,West,100M-500M,Wealth,RM001,49.0,72.48979591836735,7.0,0.0,48750000.0,0.7248979591836735,0.4,0.19285714285714284,1.0,1.0,0.606,Medium,Invite to Market Outlook Webinar,Private Credit,5522175
A0105,Carol Garcia,Cedar Endowment,Institutional Investor,Midwest,100M-500M,Institutional,RM004,17.0,52.76470588235294,4.0,11500000.0,18250000.0,0.5276470588235295,0.4,0.55,1.0,0.8736263736263736,0.6057,Medium,Invite to Market Outlook Webinar,Infrastructure,2861932
A0214,Stephanie Perez,Riverstone Endowment,Institutional Investor,International,1B-5B,Institutional,RM015,3.0,70.0,5.0,0.0,227500000.0,0.7,0.8,0.12,0.5,0.9560439560439561,0.6046,Medium,Invite to Market Outlook Webinar,Real Estate,35709188
A0254,Kimberly Jackson,Ridge Endowment,Institutional Investor,International,500M-1B,Institutional,RM002,10.0,49.2,5.0,0.0,51250000.0,0.49200000000000005,0.6,0.29,1.0,0.9835164835164835,0.604,Medium,Invite to Market Outlook Webinar,Real Estate,7134750
A0344,Mark Hernandez,Ironwood Wealth Partners,RIA,West,100M-500M,Wealth,RM001,7.0,75.42857142857143,3.0,0.0,19250000.0,0.7542857142857143,0.4,0.15,1.0,0.9725274725274725,0.6035,Medium,Invite to Market Outlook Webinar,Infrastructure,5499394
A0392,Betty Taylor,Eaglewood Private Bank,Private Bank,Southeast,<100M,Wealth,RM009,10.0,72.6,4.0,0.0,13500000.0,0.726,0.15,0.525,1.0,0.9148351648351648,0.6018,Medium,Invite to Market Outlook Webinar,Private Credit,913984
A0250,Jessica Lee,Sterling Private Bank,Private Bank,West,500M-1B,Wealth,RM010,8.0,63.625,4.0,0.0,47000000.0,0.63625,0.6,0.275,0.75,0.9230769230769231,0.6007,Medium,Invite to Market Outlook Webinar,Real Estate,10643653
A0161,Sharon Nakamura,Compass Advisory Group,Consultant,Southwest,1B-5B,Institutional,RM009,1.0,87.0,5.0,42000000.0,346500000.0,0.87,0.8,0.39,0.25,0.2417582417582418,0.6007,Medium,Re-engagement Campaign,Real Estate,45615656
A0116,Donald Flores,Riverstone Private Bank,Private Bank,Midwest,500M-1B,Wealth,RM005,15.0,65.46666666666667,2.0,0.0,27000000.0,0.6546666666666667,0.6,0.05,1.0,0.9368131868131868,0.6001,Medium,Invite to Market Outlook Webinar,Private Credit,10633022
A0019,Ryan Miller,Heritage Wealth Management,RIA,Northeast,<100M,Wealth,RM006,26.0,55.46153846153846,3.0,5000000.0,11000000.0,0.5546153846153846,0.15,0.75,1.0,0.945054945054945,0.5984,Medium,Invite to Market Outlook Webinar,Private Credit,706860
A0387,Christopher Lewis,Vanguard Advisors LLC,RIA,Northeast,100M-500M,Wealth,RM006,23.0,61.34782608695652,2.0,0.0,12250000.0,0.6134782608695653,0.4,0.375,1.0,0.8928571428571429,0.5983,Medium,Invite to Market Outlook Webinar,Private Credit,4240451
A0312,Lisa Murphy,Lighthouse Advisors LLC,RIA,Southwest,500M-1B,Wealth,RM009,7.0,64.85714285714286,3.0,0.0,47500000.0,0.6485714285714286,0.6,0.06666666666666667,1.0,0.8928571428571429,0.5972,Medium,Invite to Market Outlook Webinar,Private Credit,10581637
A0193,Kenneth Ramirez,Sterling Wealth Management,RIA,Midwest,<100M,Wealth,RM004,20.0,70.6,1.0,0.0,1250000.0,0.706,0.15,0.5,1.0,0.978021978021978,0.5971,Medium,Invite to Market Outlook Webinar,Infrastructure,906846
A0118,Joseph Goldberg,Evergreen Capital Advisors,RIA,West,500M-1B,Wealth,RM013,29.0,52.793103448275865,9.0,0.0,99500000.0,0.5279310344827587,0.6,0.2111111111111111,1.0,0.9642857142857143,0.597,Medium,Invite to Market Outlook Webinar,Real Estate,7052062
A0234,George Chen,Eaglewood Private Bank,Private Bank,Southeast,500M-1B,Wealth,RM008,18.0,67.5,1.0,0.0,5000000.0,0.675,0.6,0.0,1.0,0.945054945054945,0.597,Medium,Invite to Market Outlook Webinar,Private Credit,10578094
A0243,George Martinez,Liberty Family Wealth,RIA,International,100M-500M,Wealth,RM013,7.0,73.0,6.0,0.0,40750000.0,0.73,0.4,0.3416666666666666,0.75,0.9532967032967032,0.5952,Medium,Invite to Market Outlook Webinar,Private Credit,5423760
A0175,David Brown,Coastal Wealth Management,RIA,Northeast,100M-500M,Wealth,RM007,16.0,60.5625,3.0,0.0,17500000.0,0.605625,0.4,0.33333333333333337,1.0,0.9642857142857143,0.5948,Medium,Invite to Market Outlook Webinar,Infrastructure,4215645
A0362,Betty Brown,Meridian Family Wealth,RIA,Northeast,100M-500M,Wealth,RM014,33.0,60.63636363636363,4.0,0.0,26000000.0,0.6063636363636363,0.4,0.3375,1.0,0.9478021978021978,0.5942,Medium,Invite to Market Outlook Webinar,Private Equity,4211392
A0294,Daniel Williams,Halcyon Trust & Banking,Private Bank,West,100M-500M,Wealth,RM012,43.0,60.325581395348834,4.0,0.0,20500000.0,0.6032558139534884,0.4,0.3125,1.0,0.989010989010989,0.5924,Medium,Invite to Market Outlook Webinar,Private Credit,4198635
A0227,Carol Sanchez,Crescent Private Wealth,Private Bank,International,100M-500M,Wealth,RM015,12.0,48.583333333333336,3.0,0.0,13750000.0,0.48583333333333334,0.4,0.5,1.0,0.9642857142857143,0.5922,Medium,Invite to Market Outlook Webinar,Real Estate,2798145
A0272,Cynthia Perez,Harbor Private Capital,Family Office,West,500M-1B,Wealth,RM012,23.0,54.34782608695652,2.0,0.0,29000000.0,0.5434782608695652,0.6,0.175,1.0,0.9368131868131868,0.5917,Medium,Invite to Market Outlook Webinar,Private Credit,6989456
A0265,Laura Flores,Halcyon Multi-Family Office,Family Office,West,<100M,Wealth,RM001,23.0,56.17391304347826,4.0,10250000.0,16000000.0,0.5617391304347826,0.15,0.6875,1.0,0.978021978021978,0.5913,Medium,Invite to Market Outlook Webinar,Private Credit,698473
A0357,Susan Miller,Cornerstone Global Markets,Wirehouse,West,100M-500M,Wealth,RM010,12.0,69.08333333333333,3.0,0.0,24250000.0,0.6908333333333333,0.4,0.36666666666666664,0.75,0.9807692307692307,0.5912,Medium,Invite to Market Outlook Webinar,Infrastructure,5387310
A0395,Robert Singh,Trident Investment Solutions,Consultant,Southeast,500M-1B,Institutional,RM002,7.0,46.714285714285715,8.0,12500000.0,83500000.0,0.46714285714285714,0.6,0.2875,1.0,0.9313186813186813,0.5908,Medium,Invite to Market Outlook Webinar,Real Estate,6978825
A0377,Donald Robinson,Coastal Investment Consulting,Consultant,West,100M-500M,Institutional,RM013,13.0,49.76923076923077,4.0,2500000.0,15500000.0,0.49769230769230766,0.4,0.4625,1.0,0.9835164835164835,0.5902,Medium,Invite to Market Outlook Webinar,Infrastructure,2788695
A0355,Karen Lee,Granite Trust & Banking,Private Bank,Northeast,100M-500M,Wealth,RM010,15.0,49.06666666666667,6.0,2250000.0,21500000.0,0.4906666666666667,0.4,0.475,1.0,0.9725274725274725,0.5895,Medium,Invite to Market Outlook Webinar,Real Estate,2785388
A0365,Sarah Martinez,Pinnacle Family Office,Family Office,Southwest,1B-5B,Wealth,RM011,7.0,60.142857142857146,2.0,0.0,107000000.0,0.6014285714285714,0.8,0.125,0.75,0.7115384615384616,0.5891,Medium,Re-engagement Campaign,Real Estate,34793719
A0140,Richard Garcia,Coastal Private Capital,Family Office,Northeast,100M-500M,Wealth,RM007,16.0,47.5,5.0,5500000.0,22250000.0,0.475,0.4,0.52,1.0,0.9230769230769231,0.5888,Medium,Invite to Market Outlook Webinar,Private Equity,2782080
A0076,Joseph Walker,Compass Wealth Management,Wirehouse,Midwest,100M-500M,Wealth,RM007,16.0,62.0,1.0,0.0,7000000.0,0.62,0.4,0.25,1.0,0.9862637362637363,0.5846,Medium,Invite to Market Outlook Webinar,Private Credit,4143352
A0050,Mark Miller,Bayview Advisors LLC,RIA,International,100M-500M,Wealth,RM015,14.0,54.714285714285715,6.0,0.0,29250000.0,0.5471428571428572,0.4,0.35,1.0,0.989010989010989,0.583,Low,Re-engagement Campaign,Real Estate,2754675
A0241,Margaret Jackson,Crown Securities,Wirehouse,West,100M-500M,Wealth,RM014,18.0,47.5,3.0,5500000.0,14000000.0,0.475,0.4,0.5,1.0,0.9010989010989011,0.5826,Low,Re-engagement Campaign,Private Credit,2752785
A0101,Joseph Scott,Evergreen Wealth Management,RIA,West,100M-500M,Wealth,RM005,13.0,46.76923076923077,4.0,2750000.0,14500000.0,0.4676923076923077,0.4,0.525,1.0,0.8708791208791209,0.5824,Low,Re-engagement Campaign,Private Credit,2751840
A0334,Susan Thompson,Summit Global Markets,Wirehouse,Northeast,100M-500M,Wealth,RM007,12.0,54.333333333333336,2.0,0.0,7500000.0,0.5433333333333333,0.4,0.375,1.0,0.9423076923076923,0.5822,Low,Re-engagement Campaign,Private Credit,2750895
A0184,Jessica Adams,Northstar Family Wealth,RIA,International,100M-500M,Wealth,RM015,5.0,67.6,4.0,0.0,22000000.0,0.6759999999999999,0.4,0.3375,0.75,0.9615384615384616,0.579,Low,Re-engagement Campaign,Private Credit,4103662
A0330,Margaret Taylor,Trident Private Capital,Family Office,Northeast,500M-1B,Wealth,RM007,2.0,65.0,3.0,0.0,47500000.0,0.65,0.6,0.5,0.25,0.9642857142857143,0.5789,Low,Re-engagement Campaign,Real Estate,13188066
A0288,Rebecca Scott,Sterling Private Wealth,Private Bank,International,<100M,Wealth,RM015,12.0,47.166666666666664,2.0,2750000.0,7500000.0,0.4716666666666666,0.15,0.75,1.0,0.9972527472527473,0.5787,Low,Re-engagement Campaign,Private Credit,455726
A0399,Anthony Smith,Crescent Global Markets,Wirehouse,Northeast,100M-500M,Wealth,RM006,43.0,47.02325581395349,4.0,0.0,19500000.0,0.4702325581395349,0.4,0.4375,1.0,1.0,0.5786,Low,Re-engagement Campaign,Real Estate,2733885
A0221,Brian Williams,Bayview Global Markets,Wirehouse,West,500M-1B,Wealth,RM001,19.0,55.421052631578945,3.0,0.0,24500000.0,0.5542105263157895,0.6,0.2833333333333333,0.75,0.8956043956043956,0.575,Low,Re-engagement Campaign,Real Estate,6792187
A0290,Margaret Singh,Bayview Securities,Wirehouse,International,1B-5B,Wealth,RM015,10.0,59.6,5.0,0.0,118250000.0,0.596,0.8,0.16,0.5,0.8873626373626373,0.5745,Low,Re-engagement Campaign,Private Credit,22620938
A0044,Donna Goldberg,Cascade Family Office,Family Office,Northeast,100M-500M,Wealth,RM005,9.0,52.0,2.0,0.0,7750000.0,0.52,0.4,0.375,1.0,0.9313186813186813,0.5741,Low,Re-engagement Campaign,Infrastructure,2712623
A0100,Thomas Sanchez,Beacon Advisors LLC,RIA,Northeast,500M-1B,Wealth,RM006,11.0,66.0909090909091,4.0,0.0,67250000.0,0.6609090909090909,0.6,0.2125,0.75,0.7032967032967032,0.5736,Low,Re-engagement Campaign,Private Credit,10163475
A0316,Dorothy Johnson,Pinnacle Insurance Investments,Institutional Investor,West,<100M,Institutional,RM001,27.0,58.407407407407405,0.0,0.0,0.0,0.5840740740740741,0.15,0.5602222222222222,1.0,0.9862637362637363,0.5734,Low,Re-engagement Campaign,Private Credit,677329
A0147,Ashley Garcia,Compass Private Bank,Private Bank,Southeast,100M-500M,Wealth,RM016,17.0,58.76470588235294,3.0,0.0,24750000.0,0.5876470588235294,0.4,0.25,1.0,0.967032967032967,0.573,Low,Re-engagement Campaign,Private Equity,4061138
A0384,Jeffrey Patel,Eaglewood Wealth Management,RIA,Northeast,100M-500M,Wealth,RM006,11.0,62.27272727272727,3.0,0.0,15250000.0,0.6227272727272727,0.4,0.2333333333333333,1.0,0.8928571428571429,0.5728,Low,Re-engagement Campaign,Private Credit,4059720
A0232,Andrew Taylor,Cedar Securities,Wirehouse,West,100M-500M,Wealth,RM012,25.0,49.32,5.0,5000000.0,17750000.0,0.4932,0.4,0.4,1.0,0.9478021978021978,0.5727,Low,Re-engagement Campaign,Private Credit,2706008
A0152,Timothy Young,Cedar Investment Consulting,Consultant,International,<100M,Institutional,RM015,18.0,69.72222222222223,6.0,1500000.0,14250000.0,0.6972222222222223,0.15,0.38333333333333336,1.0,0.989010989010989,0.5722,Low,Re-engagement Campaign,Private Equity,869029
A0162,Lisa Thomas,Pinnacle Family Office,Family Office,International,500M-1B,Wealth,RM015,10.0,51.1,2.0,0.0,9000000.0,0.511,0.6,0.125,1.0,0.9368131868131868,0.572,Low,Re-engagement Campaign,Real Estate,6756750
A0237,Cynthia Anderson,Northstar Wealth Management,RIA,International,<100M,Wealth,RM008,24.0,57.458333333333336,0.0,0.0,0.0,0.5745833333333333,0.15,0.557375,1.0,0.9945054945054945,0.5708,Low,Re-engagement Campaign,Real Estate,674258
A0307,Richard Perez,Coastal Private Capital,Family Office,West,500M-1B,Wealth,RM014,33.0,52.81818181818182,3.0,0.0,33000000.0,0.5281818181818182,0.6,0.06666666666666667,1.0,0.9807692307692307,0.5699,Low,Re-engagement Campaign,Real Estate,6731944
A0219,Betty Patel,Atlas Private Wealth,Private Bank,Northeast,500M-1B,Wealth,RM011,18.0,52.27777777777778,2.0,0.0,12000000.0,0.5227777777777778,0.6,0.1,1.0,0.9065934065934066,0.5675,Low,Re-engagement Campaign,Real Estate,6703594
A0277,Susan Nakamura,Evergreen Family Wealth,RIA,Northeast,100M-500M,Wealth,RM006,7.0,73.28571428571429,3.0,0.0,30500000.0,0.7328571428571429,0.4,0.06666666666666667,1.0,0.8324175824175825,0.5664,Low,Re-engagement Campaign,Real Estate,5161320
A0058,Ronald Goldberg,Halcyon Wealth Management,Wirehouse,Northeast,100M-500M,Wealth,RM007,16.0,68.875,2.0,0.0,14250000.0,0.68875,0.4,0.05,1.0,0.9862637362637363,0.5653,Low,Re-engagement Campaign,Infrastructure,5151296
A0051,Elizabeth Thompson,Keystone Securities,Wirehouse,West,1B-5B,Wealth,RM010,3.0,66.0,5.0,0.0,235250000.0,0.66,0.8,0.32,0.5,0.2802197802197802,0.565,Low,Re-engagement Campaign,Real Estate,33370312
A0371,Steven Adams,Compass Advisors LLC,RIA,West,<100M,Wealth,RM009,17.0,57.411764705882355,0.0,0.0,0.0,0.5741176470588235,0.15,0.557235294117647,1.0,0.9285714285714286,0.564,Low,Re-engagement Campaign,Private Credit,666225
A0081,Rebecca Nguyen,Liberty Wealth Partners,RIA,West,100M-500M,Wealth,RM001,6.0,53.666666666666664,3.0,0.0,20250000.0,0.5366666666666666,0.4,0.5,0.75,0.9038461538461539,0.5639,Low,Re-engagement Campaign,Infrastructure,3996641
A0230,Anthony Patel,Eaglewood Investment Consulting,Consultant,West,500M-1B,Institutional,RM001,12.0,53.833333333333336,3.0,0.0,27000000.0,0.5383333333333333,0.6,0.16666666666666669,1.0,0.6813186813186813,0.563,Low,Re-engagement Campaign,Real Estate,6650437
A0354,Sandra Harris,Atlas Family Office,Family Office,Northeast,1B-5B,Wealth,RM014,2.0,72.0,6.0,0.0,148750000.0,0.72,0.8,0.24166666666666667,0.25,0.6098901098901099,0.5628,Low,Re-engagement Campaign,Real Estate,22160250
A0012,Anthony Thomas,Summit Wealth Partners,RIA,West,100M-500M,Wealth,RM012,7.0,68.28571428571429,6.0,0.0,32250000.0,0.6828571428571429,0.4,0.15833333333333333,1.0,0.760989010989011,0.5626,Low,Re-engagement Campaign,Private Credit,5126692
A0064,Sharon Nguyen,Liberty Trust & Banking,Private Bank,Northeast,100M-500M,Wealth,RM011,19.0,58.05263157894737,5.0,0.0,31500000.0,0.5805263157894737,0.4,0.29,1.0,0.8021978021978022,0.5624,Low,Re-engagement Campaign,Private Credit,3986010
A0305,Daniel Hernandez,Ridge Wealth Management,Wirehouse,Southeast,100M-500M,Wealth,RM007,54.0,62.574074074074076,4.0,0.0,20500000.0,0.6257407407407407,0.4,0.1375,1.0,0.9697802197802198,0.5622,Low,Re-engagement Campaign,Private Credit,3984592
A0169,Joseph Gonzalez,Ridge Trust & Banking,Private Bank,West,<100M,Wealth,RM010,4.0,73.75,6.0,7500000.0,21750000.0,0.7375,0.15,0.5166666666666666,0.75,0.8763736263736264,0.5622,Low,Re-engagement Campaign,Private Credit,853841
A0173,Jennifer Sullivan,Trident Pension Trust,Institutional Investor,Southeast,500M-1B,Institutional,RM016,41.0,50.51219512195122,3.0,0.0,18000000.0,0.5051219512195122,0.6,0.06666666666666667,1.0,0.9697802197802198,0.5618,Low,Re-engagement Campaign,Private Credit,6636262
A0308,Sandra Walker,Trident Trust & Banking,Private Bank,Southwest,500M-1B,Wealth,RM003,6.0,40.666666666666664,0.0,0.0,0.0,0.4066666666666666,0.6,0.26199999999999996,1.0,0.8516483516483516,0.5596,Low,Re-engagement Campaign,Infrastructure,6610275
A0320,Anthony Jones,Evergreen Private Bank,Private Bank,Northeast,<100M,Wealth,RM009,20.0,72.15,4.0,0.0,7250000.0,0.7215,0.15,0.3375,1.0,0.8653846153846154,0.558,Low,Re-engagement Campaign,Real Estate,847463
A0247,Sandra Garcia,Riverstone Investment Solutions,Consultant,West,100M-500M,Institutional,RM013,23.0,48.65217391304348,5.0,1500000.0,21000000.0,0.4865217391304348,0.4,0.32,1.0,0.9807692307692307,0.558,Low,Re-engagement Campaign,Real Estate,2636550
A0350,Brian Allen,Frontier Private Bank,Private Bank,Northeast,100M-500M,Wealth,RM007,16.0,54.4375,2.0,0.0,12750000.0,0.544375,0.4,0.3,1.0,0.8434065934065934,0.5577,Low,Re-engagement Campaign,Private Credit,3952699
A0246,George Brown,Crown Wealth Management,Wirehouse,International,500M-1B,Wealth,RM002,4.0,64.75,4.0,13500000.0,68250000.0,0.6475,0.6,0.4,0.25,0.945054945054945,0.5563,Low,Re-engagement Campaign,Private Credit,12673209
A0341,Brian Thompson,Bayview Investment Consulting,Consultant,International,<100M,Institutional,RM002,48.0,70.33333333333333,2.0,0.0,5000000.0,0.7033333333333333,0.15,0.3,1.0,0.978021978021978,0.5563,Low,Re-engagement Campaign,Private Credit,844881
A0329,Amanda Wilson,Crown Family Office,Family Office,West,500M-1B,Wealth,RM001,6.0,51.5,2.0,0.0,23250000.0,0.515,0.6,0.125,1.0,0.7637362637362637,0.5559,Low,Re-engagement Campaign,Private Credit,6566569
A0282,Steven Jackson,Frontier Foundation,Institutional Investor,Midwest,500M-1B,Institutional,RM005,3.0,51.666666666666664,6.0,0.0,45500000.0,0.5166666666666666,0.6,0.3,0.75,0.782967032967033,0.5558,Low,Re-engagement Campaign,Private Credit,6565387
A0031,Anthony Sanchez,Harbor Global Markets,Wirehouse,West,100M-500M,Wealth,RM010,57.0,62.07017543859649,2.0,0.0,12500000.0,0.620701754385965,0.4,0.1,1.0,0.9725274725274725,0.5535,Low,Re-engagement Campaign,Private Credit,3922931
A0180,Melissa Brown,Keystone Investment Solutions,Consultant,Southeast,<100M,Institutional,RM008,11.0,74.9090909090909,6.0,0.0,17250000.0,0.749090909090909,0.15,0.2916666666666667,1.0,0.8241758241758241,0.553,Low,Re-engagement Campaign,Real Estate,839869
A0296,Brian Wilson,Sterling Family Wealth,RIA,West,100M-500M,Wealth,RM001,29.0,62.58620689655172,3.0,0.0,19500000.0,0.6258620689655172,0.4,0.06666666666666667,1.0,0.9945054945054945,0.5505,Low,Re-engagement Campaign,Real Estate,3901669
A0142,Emily Perez,Bayview Capital Advisors,RIA,International,<100M,Wealth,RM013,55.0,69.34545454545454,7.0,0.0,14000000.0,0.6934545454545454,0.15,0.2785714285714286,1.0,0.9807692307692307,0.5493,Low,Re-engagement Campaign,Real Estate,834249
A0123,Joshua Thomas,Compass Private Bank,Private Bank,Midwest,100M-500M,Wealth,RM004,8.0,59.0,2.0,0.0,11250000.0,0.59,0.4,0.25,1.0,0.7197802197802198,0.549,Low,Re-engagement Campaign,Infrastructure,3891038
A0278,Sharon Robinson,Evergreen Wealth Management,Wirehouse,Northeast,100M-500M,Wealth,RM011,20.0,61.05,3.0,0.0,20500000.0,0.6104999999999999,0.4,0.1,1.0,0.9560439560439561,0.5488,Low,Re-engagement Campaign,Infrastructure,3889620
A0204,William Thompson,Northstar Private Wealth,Private Bank,Midwest,100M-500M,Wealth,RM004,34.0,50.088235294117645,1.0,0.0,5250000.0,0.5008823529411764,0.4,0.25,1.0,0.978021978021978,0.5481,Low,Re-engagement Campaign,Private Credit,2589772
A0046,Donald Robinson,Crown Wealth Management,RIA,Southwest,<100M,Wealth,RM009,57.0,70.24561403508773,1.0,0.0,5000000.0,0.7024561403508772,0.15,0.25,1.0,0.989010989010989,0.5471,Low,Re-engagement Campaign,Private Credit,830908
A0348,Jennifer Perez,Northstar Global Markets,Wirehouse,Southwest,100M-500M,Wealth,RM003,4.0,51.5,1.0,0.0,2250000.0,0.515,0.4,0.25,1.0,0.9203296703296704,0.5465,Low,Re-engagement Campaign,Infrastructure,2582212
A0131,Jennifer Johnson,Pinnacle Family Wealth,RIA,Northeast,100M-500M,Wealth,RM006,7.0,48.0,4.0,0.0,20000000.0,0.48,0.4,0.4625,1.0,0.5961538461538461,0.5461,Low,Re-engagement Campaign,Infrastructure,2580322
A0300,Jennifer Martin,Coastal Advisors LLC,RIA,Southeast,<100M,Wealth,RM008,10.0,66.5,4.0,0.0,11000000.0,0.665,0.15,0.375,1.0,0.8296703296703296,0.545,Low,Re-engagement Campaign,Private Equity,827719
A0088,Mary Flores,Pinnacle Trust & Banking,Private Bank,Northeast,100M-500M,Wealth,RM014,13.0,44.53846153846154,2.0,0.0,5000000.0,0.4453846153846154,0.4,0.3,1.0,1.0,0.5436,Low,Re-engagement Campaign,Infrastructure,2568510
A0328,Michelle Martin,Ironwood Private Wealth,Private Bank,Northeast,500M-1B,Wealth,RM013,7.0,56.0,1.0,0.0,9750000.0,0.56,0.6,0.1,0.75,0.9285714285714286,0.5434,Low,Re-engagement Campaign,Real Estate,6418912
A0223,Elizabeth Thompson,Granite Capital Advisors,RIA,Southeast,<100M,Wealth,RM008,10.0,63.0,6.0,0.0,10500000.0,0.63,0.15,0.3416666666666666,1.0,0.9807692307692307,0.5429,Low,Re-engagement Campaign,Infrastructure,824529
A0082,James Garcia,Sterling Wealth Partners,RIA,West,<100M,Wealth,RM003,16.0,59.875,2.0,0.0,6000000.0,0.59875,0.15,0.375,1.0,0.9972527472527473,0.5419,Low,Re-engagement Campaign,Private Credit,640119
A0143,Patricia Moore,Frontier Foundation,Institutional Investor,Southwest,<100M,Institutional,RM009,26.0,70.26923076923077,7.0,0.0,19750000.0,0.7026923076923077,0.15,0.22857142857142856,1.0,0.9752747252747253,0.5415,Low,Re-engagement Campaign,Real Estate,822403
A0370,Mary Wilson,Vanguard Wealth Management,RIA,Southwest,<100M,Wealth,RM009,16.0,59.125,5.0,0.0,18500000.0,0.59125,0.15,0.39,1.0,0.9697802197802198,0.5399,Low,Re-engagement Campaign,Private Equity,637757
A0268,Jessica Perez,Halcyon Wealth Partners,RIA,Northeast,100M-500M,Wealth,RM007,9.0,52.888888888888886,6.0,4750000.0,29250000.0,0.5288888888888889,0.4,0.35,0.75,0.9862637362637363,0.5398,Low,Re-engagement Campaign,Private Credit,2550555
A0389,Mary Moore,Beacon Wealth Management,RIA,Midwest,<100M,Wealth,RM004,21.0,55.857142857142854,5.0,2500000.0,15000000.0,0.5585714285714285,0.15,0.47,1.0,0.8956043956043956,0.5386,Low,Re-engagement Campaign,Real Estate,636221
A0168,Ashley Johnson,Sterling Advisors LLC,RIA,International,<100M,Wealth,RM013,12.0,69.25,3.0,0.0,11000000.0,0.6925,0.15,0.2833333333333333,1.0,0.8434065934065934,0.5363,Low,Re-engagement Campaign,Private Credit,814506
A0378,Robert Smith,Granite Capital Advisors,RIA,Southwest,100M-500M,Wealth,RM003,7.0,42.714285714285715,2.0,0.0,10250000.0,0.42714285714285716,0.4,0.5,0.75,0.9532967032967032,0.536,Low,Re-engagement Campaign,Private Credit,2532600
A0083,Kimberly Wilson,Riverstone Advisory Group,Consultant,West,100M-500M,Institutional,RM012,10.0,48.0,5.0,3750000.0,17250000.0,0.48,0.4,0.29,1.0,0.8269230769230769,0.5347,Low,Re-engagement Campaign,Private Credit,2526457
A0014,Daniel Taylor,Trident Wealth Management,RIA,International,<100M,Wealth,RM013,14.0,59.07142857142857,6.0,5000000.0,17000000.0,0.5907142857142857,0.15,0.35,1.0,1.0,0.5347,Low,Re-engagement Campaign,Private Credit,631614
A0315,Margaret Martinez,Cornerstone Investment Solutions,Consultant,Southeast,100M-500M,Institutional,RM016,9.0,50.888888888888886,2.0,0.0,7500000.0,0.5088888888888888,0.4,0.175,1.0,0.9615384615384616,0.5338,Low,Re-engagement Campaign,Real Estate,2522205
A0261,Mary Miller,Ridge Private Wealth,Private Bank,Midwest,<100M,Wealth,RM005,24.0,59.791666666666664,4.0,0.0,12250000.0,0.5979166666666667,0.15,0.3375,1.0,0.967032967032967,0.5311,Low,Re-engagement Campaign,Private Credit,627362
A0269,Charles Davis,Crown Global Markets,Wirehouse,Southeast,500M-1B,Wealth,RM008,1.0,79.0,5.0,7500000.0,104000000.0,0.79,0.6,0.3,0.25,0.4587912087912088,0.5304,Low,Re-engagement Campaign,Private Credit,12083175
A0177,James White,Ridge Private Bank,Private Bank,Northeast,100M-500M,Wealth,RM014,7.0,51.57142857142857,4.0,4500000.0,16000000.0,0.5157142857142857,0.4,0.3125,0.75,0.9862637362637363,0.5283,Low,Re-engagement Campaign,Private Credit,2496218
A0117,Karen Torres,Bayview Trust & Banking,Private Bank,West,100M-500M,Wealth,RM010,28.0,46.607142857142854,3.0,0.0,10750000.0,0.4660714285714285,0.4,0.2333333333333333,1.0,0.9093406593406593,0.5274,Low,Re-engagement Campaign,Real Estate,2491965
A0111,Donna King,Cascade Family Wealth,RIA,International,100M-500M,Wealth,RM006,9.0,44.44444444444444,4.0,0.0,11000000.0,0.4444444444444444,0.4,0.3375,1.0,0.760989010989011,0.5269,Low,Re-engagement Campaign,Private Credit,2489602
A0244,Thomas Kim,Summit Wealth Partners,RIA,Northeast,<100M,Wealth,RM007,8.0,41.625,3.0,750000.0,11000000.0,0.41625,0.15,0.6166666666666667,1.0,0.9120879120879121,0.5269,Low,Re-engagement Campaign,Private Credit,414934
A0356,Edward Robinson,Ridge Private Bank,Private Bank,Midwest,<100M,Wealth,RM002,12.0,71.16666666666667,3.0,0.0,12000000.0,0.7116666666666667,0.15,0.15,1.0,0.9505494505494505,0.5261,Low,Re-engagement Campaign,Private Credit,799014
A0029,Michelle Garcia,Keystone Investment Solutions,Consultant,Southeast,<100M,Institutional,RM002,34.0,68.05882352941177,2.0,0.0,3500000.0,0.6805882352941177,0.15,0.175,1.0,0.9835164835164835,0.525,Low,Re-engagement Campaign,Real Estate,797344
A0258,Steven Sanchez,Heritage Advisors LLC,RIA,Southwest,100M-500M,Wealth,RM009,21.0,60.095238095238095,2.0,0.0,10750000.0,0.6009523809523809,0.4,0.0,1.0,0.9423076923076923,0.5245,Low,Re-engagement Campaign,Private Credit,3717394
A0251,James Nakamura,Frontier Investment Solutions,Consultant,Southeast,100M-500M,Institutional,RM007,21.0,45.666666666666664,3.0,0.0,12000000.0,0.45666666666666667,0.4,0.16666666666666669,1.0,0.9972527472527473,0.5201,Low,Re-engagement Campaign,Real Estate,2457472
A0393,Jeffrey Sullivan,Sterling Wealth Management,RIA,International,500M-1B,Wealth,RM013,5.0,48.8,1.0,0.0,15000000.0,0.488,0.6,0.1,0.75,0.9093406593406593,0.5198,Low,Re-engagement Campaign,Private Credit,6140138
A0002,Amanda Young,Ironwood Private Capital,Family Office,Northeast,500M-1B,Wealth,RM006,4.0,67.5,2.0,0.0,13000000.0,0.675,0.6,0.05,0.5,0.8186813186813187,0.5194,Low,Re-engagement Campaign,Private Equity,9203119
A0025,Mark Allen,Pinnacle Investment Consulting,Consultant,Northeast,<100M,Institutional,RM011,14.0,57.5,4.0,1000000.0,9500000.0,0.575,0.15,0.3,1.0,0.9807692307692307,0.5181,Low,Re-engagement Campaign,Infrastructure,612006
A0181,Emily Murphy,Coastal Trust & Banking,Private Bank,Southwest,100M-500M,Wealth,RM003,26.0,46.61538461538461,2.0,0.0,7750000.0,0.46615384615384614,0.4,0.175,1.0,0.9148351648351648,0.5163,Low,Re-engagement Campaign,Real Estate,2439518
A0108,Laura Jones,Frontier Private Wealth,Private Bank,Southeast,100M-500M,Wealth,RM008,36.0,47.666666666666664,2.0,0.0,10750000.0,0.4766666666666666,0.4,0.125,1.0,0.9697802197802198,0.515,Low,Re-engagement Campaign,Real Estate,2433375
A0388,Donald Harris,Evergreen Investment Solutions,Consultant,West,<100M,Institutional,RM012,22.0,58.27272727272727,8.0,1250000.0,23500000.0,0.5827272727272728,0.15,0.30625,1.0,0.9093406593406593,0.5145,Low,Re-engagement Campaign,Infrastructure,607753
A0274,David Patel,Lighthouse Private Bank,Private Bank,West,100M-500M,Wealth,RM001,8.0,52.5,4.0,0.0,15250000.0,0.525,0.4,0.075,1.0,0.9175824175824175,0.5143,Low,Re-engagement Campaign,Private Credit,2430068
A0134,Deborah Brown,Cedar Family Wealth,RIA,Northeast,<100M,Wealth,RM006,22.0,42.59090909090909,2.0,0.0,7500000.0,0.42590909090909096,0.15,0.5,1.0,0.9587912087912088,0.5112,Low,Re-engagement Campaign,Private Credit,402570
A0304,John Young,Frontier Private Wealth,Private Bank,Southeast,100M-500M,Wealth,RM016,2.0,79.0,6.0,10000000.0,34000000.0,0.79,0.4,0.3416666666666666,0.5,0.2912087912087912,0.5095,Low,Re-engagement Campaign,Private Equity,3611081
A0372,Michael O'Brien,Granite Trust & Banking,Private Bank,International,<100M,Wealth,RM002,12.0,55.25,4.0,2250000.0,7500000.0,0.5525,0.15,0.525,0.75,0.8846153846153846,0.5092,Low,Re-engagement Campaign,Private Credit,601492
A0137,Michael Kim,Pinnacle Wealth Management,RIA,Southeast,100M-500M,Wealth,RM008,20.0,49.1,1.0,0.0,3500000.0,0.491,0.4,0.1,1.0,0.9175824175824175,0.5091,Low,Re-engagement Campaign,Private Credit,2405498
A0326,Kimberly Wilson,Liberty Capital Advisors,RIA,Northeast,100M-500M,Wealth,RM014,49.0,49.326530612244895,2.0,0.0,10000000.0,0.49326530612244895,0.4,0.05,1.0,0.9945054945054945,0.5074,Low,Re-engagement Campaign,Private Credit,2397465
A0085,Kevin King,Frontier Wealth Partners,RIA,International,<100M,Wealth,RM002,10.0,61.1,3.0,0.0,9000000.0,0.611,0.15,0.2,1.0,0.945054945054945,0.5053,Low,Re-engagement Campaign,Real Estate,596886
A0097,Betty Johnson,Beacon Advisors LLC,RIA,Southwest,<100M,Wealth,RM009,23.0,61.21739130434783,2.0,0.0,7500000.0,0.6121739130434782,0.15,0.175,1.0,0.978021978021978,0.504,Low,Re-engagement Campaign,Real Estate,595350
A0010,Sharon Reed,Crescent Wealth Management,RIA,Northeast,100M-500M,Wealth,RM007,4.0,55.75,4.0,7250000.0,17250000.0,0.5575,0.4,0.4,0.5,0.8131868131868132,0.5036,Low,Re-engagement Campaign,Private Equity,3569265
A0391,James Cohen,Sterling Family Office,Family Office,West,100M-500M,Wealth,RM012,25.0,48.12,2.0,0.0,10000000.0,0.48119999999999996,0.4,0.05,1.0,0.9862637362637363,0.503,Low,Re-engagement Campaign,Private Credit,2376675
A0003,Cynthia Wang,Cascade Private Bank,Private Bank,West,100M-500M,Wealth,RM001,17.0,44.11764705882353,2.0,0.0,10000000.0,0.4411764705882353,0.4,0.125,1.0,0.9148351648351648,0.4988,Low,Re-engagement Campaign,Real Estate,2356830
A0126,Melissa Wilson,Heritage Endowment,Institutional Investor,International,100M-500M,Institutional,RM013,4.0,68.5,4.0,0.0,27250000.0,0.685,0.4,0.1125,0.5,0.9532967032967032,0.4983,Low,Re-engagement Campaign,Private Credit,3531701
A0224,Laura Ramirez,Summit Foundation,Institutional Investor,Northeast,<100M,Institutional,RM009,4.0,68.75,2.0,0.0,7500000.0,0.6875,0.15,0.3,0.75,0.7747252747252747,0.4937,Low,Re-engagement Campaign,Private Credit,749807
A0270,John Ramirez,Ridge Wealth Management,Wirehouse,West,<100M,Wealth,RM012,10.0,61.9,2.0,0.0,4000000.0,0.619,0.15,0.175,1.0,0.8489010989010989,0.4931,Low,Re-engagement Campaign,Private Credit,582474
A0047,Ashley O'Brien,Crown Family Wealth,RIA,Northeast,<100M,Wealth,RM011,7.0,54.857142857142854,2.0,0.0,7500000.0,0.5485714285714285,0.15,0.25,1.0,0.9038461538461539,0.4925,Low,Re-engagement Campaign,Private Credit,581766
A0141,Christopher Anderson,Riverstone Trust & Banking,Private Bank,Southwest,<100M,Wealth,RM003,18.0,68.33333333333333,2.0,0.0,7500000.0,0.6833333333333332,0.15,0.0,1.0,1.0,0.4925,Low,Re-engagement Campaign,Real Estate,747984
A0225,Patricia King,Eaglewood Global Markets,Wirehouse,International,<100M,Wealth,RM016,34.0,56.73529411764706,2.0,0.0,10000000.0,0.5673529411764706,0.15,0.175,1.0,0.9917582417582418,0.4919,Low,Re-engagement Campaign,Private Equity,581057
A0166,Anthony King,Eaglewood Private Wealth,Private Bank,International,<100M,Wealth,RM013,17.0,68.17647058823529,4.0,0.0,11000000.0,0.6817647058823529,0.15,0.125,1.0,0.7280219780219781,0.4898,Low,Re-engagement Campaign,Private Credit,743884
A0286,Barbara Rodriguez,Cedar Private Wealth,Private Bank,Southeast,<100M,Wealth,RM008,23.0,60.78260869565217,2.0,0.0,10000000.0,0.6078260869565217,0.15,0.1,1.0,0.9862637362637363,0.4885,Low,Re-engagement Campaign,Real Estate,577041
A0145,Mary Young,Crescent Wealth Partners,RIA,Northeast,<100M,Wealth,RM006,11.0,58.81818181818182,2.0,0.0,5000000.0,0.5881818181818183,0.15,0.175,1.0,0.8901098901098901,0.488,Low,Re-engagement Campaign,Private Credit,576450
A0275,Michael Williams,Heritage Family Wealth,RIA,Midwest,<100M,Wealth,RM005,10.0,48.3,0.0,0.0,0.0,0.483,0.15,0.2849,1.0,0.9642857142857143,0.4858,Low,Re-engagement Campaign,Infrastructure,382568
A0379,Christopher Sullivan,Compass Capital Advisors,RIA,West,<100M,Wealth,RM010,9.0,58.888888888888886,2.0,0.0,3500000.0,0.5888888888888889,0.15,0.125,1.0,0.9203296703296704,0.4812,Low,Re-engagement Campaign,Real Estate,568418
A0322,Nancy Taylor,Beacon Family Wealth,RIA,Northeast,<100M,Wealth,RM006,20.0,60.5,4.0,0.0,15000000.0,0.605,0.15,0.075,1.0,0.967032967032967,0.4807,Low,Re-engagement Campaign,Private Credit,567827
A0128,Ryan Moore,Compass Securities,Wirehouse,International,<100M,Wealth,RM002,14.0,54.857142857142854,5.0,0.0,12750000.0,0.5485714285714285,0.15,0.14,1.0,1.0,0.4801,Low,Re-engagement Campaign,Real Estate,567118
A0279,David Brown,Keystone Advisors LLC,RIA,Southeast,<100M,Wealth,RM008,31.0,45.61290322580645,0.0,0.0,0.0,0.4561290322580645,0.15,0.2768387096774193,1.0,0.9505494505494505,0.4748,Low,Re-engagement Campaign,Private Credit,373905
A0231,Linda Williams,Vanguard Wealth Partners,RIA,Southwest,<100M,Wealth,RM003,19.0,58.0,4.0,0.0,16250000.0,0.58,0.15,0.1,1.0,0.9203296703296704,0.4735,Low,Re-engagement Campaign,Real Estate,559322
A0271,Rebecca Brown,Vanguard Investment Solutions,Consultant,Northeast,<100M,Institutional,RM014,24.0,54.916666666666664,2.0,0.0,7500000.0,0.5491666666666667,0.15,0.125,1.0,0.9587912087912088,0.4731,Low,Re-engagement Campaign,Private Credit,558849
A0359,Emily Wilson,Harbor Capital Advisors,RIA,International,<100M,Wealth,RM013,19.0,44.0,0.0,0.0,0.0,0.44,0.15,0.272,1.0,0.9917582417582418,0.4731,Low,Re-engagement Campaign,Private Credit,372566
A0179,Paul Sanchez,Frontier Global Markets,Wirehouse,International,<100M,Wealth,RM015,4.0,56.75,3.0,0.0,15000000.0,0.5675,0.15,0.33333333333333337,0.75,0.8186813186813187,0.4688,Low,Re-engagement Campaign,Private Credit,553770
A0375,Donald Rodriguez,Summit Capital Advisors,RIA,West,100M-500M,Wealth,RM010,4.0,50.0,3.0,0.0,12500000.0,0.5,0.4,0.15,0.75,0.760989010989011,0.4686,Low,Re-engagement Campaign,Private Credit,2214135
A0191,Steven Taylor,Granite Family Wealth,RIA,Southwest,<100M,Wealth,RM014,13.0,44.23076923076923,3.0,0.0,11000000.0,0.44230769230769235,0.15,0.2833333333333333,1.0,0.9093406593406593,0.4678,Low,Re-engagement Campaign,Private Credit,368392
A0103,Brian King,Coastal Global Markets,Wirehouse,Northeast,<100M,Wealth,RM005,17.0,42.529411764705884,0.0,0.0,0.0,0.4252941176470588,0.15,0.2675882352941176,1.0,0.9642857142857143,0.465,Low,Re-engagement Campaign,Private Equity,366188
A0080,Joseph Walker,Cascade Foundation,Institutional Investor,Northeast,100M-500M,Institutional,RM006,8.0,59.25,5.0,0.0,34500000.0,0.5925,0.4,0.1,0.5,0.9010989010989011,0.4629,Low,Re-engagement Campaign,Infrastructure,3280804
A0242,Jeffrey Gonzalez,Atlas Family Office,Family Office,Northeast,100M-500M,Wealth,RM015,2.0,64.5,5.0,0.0,29500000.0,0.645,0.4,0.4,0.5,0.11538461538461542,0.46,Low,Re-engagement Campaign,Private Credit,3260250
A0189,Thomas Davis,Summit Advisors LLC,RIA,International,<100M,Wealth,RM015,7.0,46.857142857142854,2.0,0.0,7500000.0,0.4685714285714285,0.15,0.25,1.0,0.8104395604395604,0.4591,Low,Re-engagement Campaign,Infrastructure,361541
A0346,Steven Murphy,Harbor Wealth Partners,RIA,Southeast,<100M,Wealth,RM016,7.0,72.0,4.0,0.0,9500000.0,0.72,0.15,0.0875,0.75,0.7472527472527473,0.4582,Low,Re-engagement Campaign,Real Estate,695891
A0381,Ronald Wright,Summit Family Wealth,RIA,Midwest,<100M,Wealth,RM004,12.0,38.833333333333336,4.0,2500000.0,11000000.0,0.38833333333333336,0.15,0.3375,1.0,0.8626373626373627,0.4578,Low,Re-engagement Campaign,Private Credit,360518
A0028,Paul Sullivan,Coastal Wealth Partners,RIA,Northeast,<100M,Wealth,RM011,7.0,62.57142857142857,1.0,0.0,2500000.0,0.6257142857142857,0.15,0.1,0.75,0.9807692307692307,0.4558,Low,Re-engagement Campaign,Real Estate,538414
A0159,Timothy Walker,Ridge Wealth Partners,RIA,Northeast,100M-500M,Wealth,RM014,3.0,50.0,2.0,0.0,8250000.0,0.5,0.4,0.175,0.5,0.9038461538461539,0.4504,Low,Re-engagement Campaign,Private Credit,2128140
A0394,Sharon Chen,Granite Insurance Investments,Institutional Investor,Midwest,<100M,Institutional,RM005,5.0,53.8,3.0,4500000.0,11000000.0,0.5379999999999999,0.15,0.5,0.5,0.7417582417582418,0.4481,Low,Re-engagement Campaign,Infrastructure,529318
A0070,Edward Lee,Cascade Multi-Family Office,Family Office,Midwest,5B+,Wealth,RM004,0.0,20.0,2.0,142000000.0,238000000.0,0.2,0.95,0.75,0.0,0.0,0.4475,Low,Send Private Credit Education Materials,Private Credit,84577500
A0333,David Perez,Compass Wealth Management,RIA,Northeast,<100M,Wealth,RM006,55.0,45.56363636363636,1.0,0.0,2500000.0,0.4556363636363636,0.15,0.1,1.0,0.9615384615384616,0.4403,Low,Re-engagement Campaign,Private Equity,346736
A0109,Elizabeth Goldberg,Summit Wealth Partners,RIA,Southeast,<100M,Wealth,RM008,7.0,62.0,2.0,0.0,3500000.0,0.62,0.15,0.125,0.75,0.7362637362637363,0.4346,Low,Re-engagement Campaign,Real Estate,513371
A0156,Matthew Gonzalez,Trident Trust & Banking,Private Bank,Northeast,<100M,Wealth,RM004,12.0,41.833333333333336,1.0,0.0,2500000.0,0.41833333333333333,0.15,0.1,1.0,0.989010989010989,0.4319,Low,Re-engagement Campaign,Real Estate,340121
A0055,Dorothy Jackson,Frontier Investment Consulting,Consultant,Northeast,<100M,Institutional,RM006,12.0,58.916666666666664,2.0,0.0,6000000.0,0.5891666666666666,0.15,0.05,0.75,0.9230769230769231,0.4291,Low,Re-engagement Campaign,Infrastructure,506874
A0084,Kevin Hernandez,Harbor Insurance Investments,Institutional Investor,West,<100M,Institutional,RM012,10.0,42.8,3.0,0.0,11000000.0,0.428,0.15,0.2,0.75,0.9945054945054945,0.4179,Low,Re-engagement Campaign,Private Credit,329096
A0284,Timothy Robinson,Evergreen Wealth Partners,RIA,Southeast,<100M,Wealth,RM016,1.0,78.0,3.0,0.0,7500000.0,0.78,0.15,0.33333333333333337,0.25,0.13736263736263732,0.3894,Low,Re-engagement Campaign,Private Credit,459979
A0182,Matthew Brown,Keystone Capital Advisors,RIA,Northeast,<100M,Wealth,RM013,12.0,40.333333333333336,2.0,0.0,3500000.0,0.4033333333333334,0.15,0.05,1.0,0.6840659340659341,0.3869,Low,Re-engagement Campaign,Private Credit,304684
A0066,Michael Ramirez,Ridge Foundation,Institutional Investor,Midwest,5B+,Institutional,RM002,0.0,20.0,8.0,452500000.0,1126750000.0,0.2,0.95,0.44375,0.0,0.0,0.3862,Low,Send Private Credit Education Materials,Private Credit,72991800
A0321,Andrew Martin,Ironwood Insurance Investments,Institutional Investor,Northeast,<100M,Institutional,RM014,8.0,39.875,3.0,0.0,15000000.0,0.39875,0.15,0.2,0.75,0.6703296703296704,0.3767,Low,Re-engagement Campaign,Private Credit,296651
A0135,Laura Singh,Liberty Private Bank,Private Bank,Southeast,5B+,Wealth,RM008,0.0,20.0,2.0,0.0,273500000.0,0.2,0.95,0.125,0.0,0.0,0.3225,Low,Send Private Credit Education Materials,Private Credit,60952500
