engagement_id,campaign_id,advisor_id,opened_email,attended_event,downloaded_materials,requested_followup,scheduled_meeting,engagement_score
E000001,C001,A0008,1,0,1,1,0,51
E000002,C001,A0378,1,0,0,0,0,2
E000003,C001,A0398,1,0,1,0,0,27
E000004,C001,A0191,0,0,0,0,0,10
E000005,C001,A0237,0,0,0,0,0,0
E000006,C001,A0095,1,1,0,0,0,32
E000007,C001,A0142,0,0,0,0,0,5
E000008,C001,A0125,0,0,0,0,0,4
E000009,C001,A0019,1,0,0,0,0,22
E000010,C001,A0277,0,0,0,0,0,0
E000011,C001,A0396,0,0,0,0,0,6
E000012,C001,A0188,1,0,0,0,0,9
E000013,C001,A0045,0,0,0,0,0,3
E000014,C001,A0259,1,0,1,0,0,43
E000015,C001,A0322,1,0,1,0,0,32
E000016,C001,A0012,1,1,1,0,0,51
E000017,C001,A0194,1,1,0,1,0,61
E000018,C001,A0387,0,0,0,0,0,0
E000019,C001,A0127,1,1,0,0,0,34
E000020,C001,A0183,1,0,0,0,0,5
E000021,C001,A0326,1,0,0,0,0,0
E000022,C001,A0145,1,0,0,0,0,15
E000023,C001,A0318,0,0,0,0,0,5
E000024,C001,A0306,1,0,1,0,0,30
E000025,C001,A0175,0,0,0,0,0,0
E000026,C001,A0332,1,1,0,0,0,56
E000027,C001,A0268,0,0,0,0,0,0
E000028,C001,A0193,1,1,0,1,0,53
E000029,C001,A0107,0,0,0,0,0,6
E000030,C001,A0381,1,1,0,0,0,34
E000031,C001,A0292,0,0,0,0,0,0
E000032,C001,A0184,1,1,1,0,0,56
E000033,C001,A0248,0,0,0,0,0,2
E000034,C001,A0100,1,0,0,0,0,14
E000035,C001,A0097,0,0,0,0,0,0
E000036,C001,A0379,1,0,0,0,0,5
E000037,C001,A0371,1,0,1,0,0,21
E000038,C001,A0362,1,0,0,0,0,12
E000039,C001,A0189,1,0,1,0,0,30
E000040,C001,A0223,1,0,0,0,0,18
E000041,C001,A0243,0,0,0,0,0,2
E000042,C001,A0296,1,0,0,0,0,5
E000043,C001,A0050,0,0,0,0,0,0
E000044,C001,A0258,0,0,0,0,0,0
E000045,C001,A0086,0,0,0,0,0,4
E000046,C001,A0370,0,0,0,0,0,0
E000047,C001,A0137,1,1,0,0,0,29
E000048,C001,A0375,0,0,0,0,0,0
E000049,C001,A0342,1,0,1,0,0,30
E000050,C001,A0289,0,0,0,0,0,0
E000051,C001,A0279,1,0,0,0,0,13
E000052,C001,A0022,0,0,0,0,0,0
E000053,C001,A0047,1,0,0,0,0,15
E000054,C002,A0251,1,0,0,0,0,8
E000055,C002,A0388,1,0,0,0,0,3
E000056,C002,A0369,1,0,1,0,0,32
E000057,C002,A0170,1,0,0,0,0,4
E000058,C002,A0066,1,0,0,0,0,7
E000059,C002,A0139,1,0,0,0,0,8
E000060,C002,A0174,0,0,0,0,0,1
E000061,C002,A0029,1,1,0,0,0,33
E000062,C002,A0254,0,0,0,0,0,7
E000063,C002,A0282,0,0,0,0,0,7
E000064,C002,A0209,1,1,0,1,0,56
E000065,C002,A0201,1,1,1,0,0,61
E000066,C002,A0007,1,1,1,1,0,89
E000067,C002,A0132,0,0,0,0,0,0
E000068,C002,A0080,1,0,0,0,0,7
E000069,C002,A0153,1,0,1,1,0,56
E000070,C002,A0178,1,0,1,0,0,32
E000071,C002,A0083,0,0,0,0,0,1
E000072,C002,A0146,1,1,0,0,0,29
E000073,C002,A0143,1,1,0,1,0,63
E000074,C002,A0327,1,1,0,0,0,30
E000075,C002,A0074,1,1,0,0,0,38
E000076,C002,A0217,1,0,0,0,0,16
E000077,C002,A0315,1,1,0,0,0,37
E000078,C002,A0206,1,0,0,0,0,4
E000079,C002,A0271,0,0,0,0,0,5
E000080,C002,A0048,1,0,0,0,0,3
E000081,C002,A0285,1,1,0,0,0,35
E000082,C002,A0394,1,1,0,0,0,36
E000083,C002,A0303,1,0,0,0,0,0
E000084,C002,A0165,0,0,0,0,0,0
E000085,C002,A0321,1,1,0,0,0,38
E000086,C002,A0033,1,1,1,0,0,55
E000087,C002,A0210,1,0,0,0,0,6
E000088,C002,A0214,1,1,0,0,0,26
E000089,C003,A0210,0,0,0,0,0,0
E000090,C003,A0056,0,0,0,0,0,0
E000091,C003,A0214,0,0,0,0,0,0
E000092,C003,A0061,0,0,0,0,0,10
E000093,C003,A0363,0,0,0,0,0,11
E000094,C003,A0335,1,0,0,0,0,14
E000095,C003,A0321,0,0,0,0,0,0
E000096,C003,A0178,0,0,0,0,0,8
E000097,C003,A0043,0,0,0,0,0,0
E000098,C003,A0144,1,0,1,0,0,34
E000099,C003,A0055,1,0,0,0,0,4
E000100,C003,A0035,0,0,0,0,0,0
E000101,C003,A0316,0,0,0,0,0,0
E000102,C003,A0066,0,0,0,0,0,0
E000103,C003,A0170,0,0,0,0,0,11
E000104,C003,A0201,1,0,0,0,0,11
E000105,C003,A0394,1,0,0,0,0,9
E000106,C003,A0192,1,0,0,0,0,10
E000107,C003,A0104,1,0,0,0,0,0
E000108,C003,A0083,0,0,0,0,0,3
E000109,C004,A0001,0,0,0,0,0,0
E000110,C004,A0065,0,0,0,0,0,2
E000111,C004,A0034,1,0,0,0,0,11
E000112,C004,A0218,0,0,0,0,0,5
E000113,C004,A0354,1,0,0,0,0,9
E000114,C004,A0093,1,0,0,0,0,3
E000115,C004,A0311,1,0,0,0,0,14
E000116,C004,A0089,0,0,0,0,0,0
E000117,C004,A0115,1,0,0,0,0,3
E000118,C004,A0119,1,0,1,0,0,33
E000119,C004,A0365,0,0,0,0,0,1
E000120,C004,A0319,0,0,0,0,0,2
E000121,C004,A0070,1,0,0,0,0,10
E000122,C004,A0330,0,0,0,0,0,0
E000123,C004,A0265,0,0,0,0,0,4
E000124,C004,A0021,0,0,0,0,0,0
E000125,C004,A0150,1,0,0,0,0,6
E000126,C004,A0264,0,0,0,0,0,0
E000127,C004,A0140,1,0,0,0,0,17
E000128,C004,A0199,0,0,0,0,0,0
E000129,C004,A0102,0,0,0,0,0,0
E000130,C004,A0222,1,0,0,0,0,0
E000131,C004,A0374,1,0,0,0,0,0
E000132,C004,A0044,0,0,0,0,0,7
E000133,C004,A0368,1,0,1,0,0,29
E000134,C004,A0263,1,0,0,0,0,12
E000135,C004,A0313,1,0,0,0,0,5
E000136,C004,A0361,0,0,0,0,0,0
E000137,C005,A0058,0,0,0,0,0,0
E000138,C005,A0261,1,0,0,0,0,0
E000139,C005,A0106,1,0,0,0,0,1
E000140,C005,A0346,1,0,1,0,0,17
E000141,C005,A0003,0,0,0,0,0,0
E000142,C005,A0267,1,0,0,0,0,8
E000143,C005,A0133,1,0,0,0,0,3
E000144,C005,A0185,0,0,0,0,0,1
E000145,C005,A0281,0,0,0,0,0,1
E000146,C005,A0154,1,0,1,0,0,27
E000147,C005,A0252,0,0,0,0,0,0
E000148,C005,A0168,1,0,0,0,0,10
E000149,C005,A0336,0,0,0,0,0,0
E000150,C005,A0276,0,0,0,0,0,10
E000151,C005,A0148,0,0,0,0,0,0
E000152,C005,A0280,0,0,0,0,0,6
E000153,C005,A0313,1,0,0,0,0,12
E000154,C005,A0326,0,0,0,0,0,0
E000155,C005,A0032,0,0,0,0,0,0
E000156,C005,A0310,1,0,0,0,0,15
E000157,C005,A0237,1,0,0,0,0,13
E000158,C005,A0011,1,0,0,0,0,13
E000159,C005,A0095,0,0,0,0,0,0
E000160,C005,A0308,0,0,0,0,0,4
E000161,C005,A0270,0,0,0,0,0,3
E000162,C005,A0097,0,0,0,0,0,9
E000163,C005,A0330,0,0,0,0,0,0
E000164,C005,A0211,0,0,0,0,0,1
E000165,C005,A0246,1,0,0,0,0,1
E000166,C005,A0385,0,0,0,0,0,10
E000167,C005,A0021,0,0,0,0,0,2
E000168,C005,A0078,1,0,0,0,0,0
E000169,C005,A0071,1,0,1,0,0,27
E000170,C005,A0137,0,0,0,0,0,0
E000171,C005,A0147,0,0,0,0,0,0
E000172,C005,A0328,0,0,0,0,0,13
E000173,C005,A0167,0,0,0,0,0,0
E000174,C005,A0108,0,0,0,0,0,0
E000175,C005,A0127,0,0,0,0,0,0
E000176,C005,A0015,1,0,1,0,0,22
E000177,C005,A0334,0,0,0,0,0,0
E000178,C005,A0366,1,0,0,0,0,14
E000179,C005,A0099,1,0,0,0,0,2
E000180,C005,A0331,1,0,0,0,0,9
E000181,C005,A0034,0,0,0,0,0,4
E000182,C005,A0306,0,0,0,0,0,9
E000183,C005,A0373,0,0,0,0,0,0
E000184,C005,A0253,1,0,0,0,0,11
E000185,C005,A0176,1,0,0,0,0,15
E000186,C005,A0119,1,0,1,0,0,29
E000187,C005,A0031,1,0,0,0,0,3
E000188,C005,A0275,1,0,0,0,0,9
E000189,C005,A0204,0,0,0,0,0,3
E000190,C005,A0045,1,0,1,0,0,30
E000191,C005,A0101,0,0,0,0,0,0
E000192,C005,A0288,1,0,0,0,0,9
E000193,C005,A0188,1,0,0,0,0,11
E000194,C005,A0239,0,0,0,0,0,5
E000195,C005,A0393,0,0,0,0,0,0
E000196,C005,A0304,0,0,0,0,0,0
E000197,C005,A0399,0,0,0,0,0,0
E000198,C005,A0268,0,0,0,0,0,5
E000199,C005,A0384,0,0,0,0,0,0
E000200,C005,A0159,0,0,0,0,0,0
E000201,C005,A0158,0,0,0,0,0,0
E000202,C005,A0263,0,0,0,0,0,5
E000203,C005,A0338,0,0,0,0,0,0
E000204,C005,A0218,0,0,0,0,0,0
E000205,C005,A0290,1,0,0,0,0,7
E000206,C005,A0091,0,0,0,0,0,3
E000207,C005,A0249,1,0,0,0,0,14
E000208,C005,A0266,1,0,1,1,0,64
E000209,C005,A0226,0,0,0,0,0,8
E000210,C005,A0038,0,0,0,0,0,0
E000211,C005,A0098,1,0,0,0,0,0
E000212,C005,A0023,0,0,0,0,0,6
E000213,C005,A0047,0,0,0,0,0,0
E000214,C005,A0125,0,0,0,0,0,0
E000215,C005,A0350,0,0,0,0,0,6
E000216,C005,A0019,0,0,0,0,0,8
E000217,C005,A0355,0,0,0,0,0,0
E000218,C005,A0184,0,0,0,0,0,4
E000219,C005,A0002,0,0,0,0,0,6
E000220,C005,A0189,0,0,0,0,0,7
E000221,C005,A0284,0,0,0,0,0,0
E000222,C005,A0312,0,0,0,0,0,0
E000223,C005,A0046,0,0,0,0,0,0
E000224,C005,A0166,0,0,0,0,0,3
E000225,C005,A0398,0,0,0,0,0,9
E000226,C005,A0092,1,0,0,0,0,6
E000227,C005,A0376,1,0,0,0,0,18
E000228,C005,A0122,1,0,0,0,0,4
E000229,C005,A0094,0,0,0,0,0,0
E000230,C005,A0169,0,0,0,0,0,0
E000231,C005,A0236,0,0,0,0,0,0
E000232,C005,A0111,1,0,0,0,0,15
E000233,C005,A0028,0,0,0,0,0,2
E000234,C005,A0227,0,0,0,0,0,0
E000235,C005,A0090,0,0,0,0,0,18
E000236,C005,A0114,1,0,1,0,0,31
E000237,C005,A0076,0,0,0,0,0,3
E000238,C005,A0082,1,0,0,0,0,15
E000239,C005,A0042,0,0,0,0,0,4
E000240,C005,A0272,0,0,0,0,0,14
E000241,C005,A0112,0,0,0,0,0,0
E000242,C005,A0294,0,0,0,0,0,0
E000243,C005,A0208,0,0,0,0,0,9
E000244,C005,A0081,0,0,0,0,0,0
E000245,C005,A0163,0,0,0,0,0,0
E000246,C005,A0359,0,0,0,0,0,10
E000247,C005,A0156,0,0,0,0,0,0
E000248,C005,A0088,0,0,0,0,0,0
E000249,C005,A0155,1,0,0,0,0,6
E000250,C005,A0392,0,0,0,0,0,0
E000251,C005,A0324,0,0,0,0,0,0
E000252,C006,A0088,1,1,0,0,0,36
E000253,C006,A0299,1,0,0,0,0,15
E000254,C006,A0163,1,1,0,1,0,61
E000255,C006,A0052,1,0,0,0,0,4
E000256,C006,A0103,0,0,0,0,0,2
E000257,C006,A0096,1,1,0,1,0,58
E000258,C006,A0172,1,0,0,0,0,17
E000259,C006,A0220,1,0,0,0,0,0
E000260,C006,A0130,1,1,0,0,0,31
E000261,C006,A0176,1,1,0,0,0,33
E000262,C006,A0114,1,0,1,0,0,32
E000263,C006,A0059,1,0,0,0,0,14
E000264,C006,A0270,1,0,0,0,0,18
E000265,C006,A0205,1,1,0,0,0,26
E000266,C006,A0347,1,1,1,0,0,50
E000267,C006,A0294,0,0,0,0,0,8
E000268,C006,A0098,1,1,0,1,0,56
E000269,C006,A0166,1,1,1,1,0,77
E000270,C006,A0120,0,0,0,0,0,0
E000271,C006,A0027,1,1,0,0,0,43
E000272,C006,A0253,1,1,0,1,1,64
E000273,C006,A0031,1,1,0,1,0,65
E000274,C006,A0328,1,0,0,0,0,2
E000275,C006,A0112,0,0,0,0,0,0
E000276,C006,A0133,1,0,0,0,0,8
E000277,C006,A0063,0,0,0,0,0,9
E000278,C006,A0198,1,1,1,0,0,68
E000279,C006,A0149,1,1,0,0,0,30
E000280,C006,A0323,1,0,1,0,0,30
E000281,C006,A0274,1,0,0,0,0,3
E000282,C006,A0169,1,1,1,0,0,47
E000283,C006,A0123,0,0,0,0,0,0
E000284,C006,A0266,0,0,0,0,0,0
E000285,C006,A0009,1,1,1,1,1,100
E000286,C006,A0138,1,1,1,1,1,93
E000287,C006,A0225,0,0,0,0,0,2
E000288,C006,A0320,0,0,0,0,0,1
E000289,C006,A0186,1,0,0,0,0,14
E000290,C006,A0400,1,1,1,0,0,53
E000291,C006,A0003,0,0,0,0,0,11
E000292,C006,A0355,1,0,0,0,0,10
E000293,C006,A0304,0,0,0,0,0,0
E000294,C006,A0232,1,1,0,1,0,51
E000295,C006,A0208,0,0,0,0,0,0
E000296,C006,A0372,1,0,0,0,0,1
E000297,C006,A0260,0,0,0,0,0,0
E000298,C007,A0287,0,0,0,0,0,1
E000299,C007,A0336,0,0,0,0,0,4
E000300,C007,A0320,1,0,0,0,0,14
E000301,C007,A0116,1,1,1,0,0,42
E000302,C007,A0179,0,0,0,0,0,0
E000303,C007,A0040,1,0,0,0,0,10
E000304,C007,A0400,1,0,1,0,0,25
E000305,C007,A0245,1,1,0,0,0,41
E000306,C007,A0262,1,1,1,1,0,81
E000307,C007,A0190,1,1,1,0,0,45
E000308,C007,A0299,1,1,1,0,0,49
E000309,C007,A0376,1,0,1,1,0,51
E000310,C007,A0281,1,1,0,1,0,62
E000311,C007,A0166,1,1,1,0,0,49
E000312,C007,A0169,1,1,0,0,0,47
E000313,C007,A0156,1,0,0,0,0,10
E000314,C007,A0215,1,1,1,0,0,61
E000315,C007,A0052,0,0,0,0,0,0
E000316,C007,A0123,1,1,0,0,0,32
E000317,C007,A0382,0,0,0,0,0,0
E000318,C007,A0331,0,0,0,0,0,2
E000319,C007,A0334,0,0,0,0,0,0
E000320,C007,A0176,1,1,0,0,0,34
E000321,C007,A0113,0,0,0,0,0,3
E000322,C007,A0386,1,0,0,0,0,10
E000323,C007,A0058,1,0,1,1,1,73
E000324,C007,A0236,1,0,0,0,0,1
E000325,C007,A0216,0,0,0,0,0,9
E000326,C007,A0027,1,0,1,1,1,65
E000327,C007,A0099,1,1,0,0,0,36
E000328,C007,A0049,1,0,0,0,0,3
E000329,C007,A0073,1,0,0,0,0,9
E000330,C007,A0024,1,1,1,0,0,62
E000331,C007,A0198,1,0,0,0,0,5
E000332,C007,A0350,1,0,0,0,0,0
E000333,C007,A0234,1,1,0,1,1,80
E000334,C007,A0009,0,0,0,0,0,1
E000335,C007,A0114,1,0,1,1,0,50
E000336,C008,A0356,1,1,1,1,0,77
E000337,C008,A0368,1,0,1,1,0,52
E000338,C008,A0186,1,0,1,0,0,25
E000339,C008,A0172,1,1,1,0,0,58
E000340,C008,A0344,0,0,0,0,0,0
E000341,C008,A0039,1,1,0,1,0,64
E000342,C008,A0360,1,0,1,0,0,27
E000343,C008,A0273,1,0,1,0,0,20
E000344,C008,A0257,1,0,1,0,0,26
E000345,C008,A0128,1,1,0,0,0,36
E000346,C008,A0374,1,0,1,0,0,34
E000347,C008,A0292,0,0,0,0,0,4
E000348,C008,A0242,1,0,0,0,0,0
E000349,C008,A0021,1,1,1,0,0,48
E000350,C008,A0311,1,1,0,0,0,32
E000351,C008,A0166,1,1,1,1,0,82
E000352,C008,A0116,1,0,0,0,0,16
E000353,C008,A0362,1,0,0,0,0,8
E000354,C008,A0398,0,0,0,0,0,2
E000355,C008,A0109,1,1,1,1,0,80
E000356,C008,A0331,1,1,0,1,0,59
E000357,C008,A0008,0,0,0,0,0,9
E000358,C008,A0064,0,0,0,0,0,9
E000359,C008,A0396,1,0,0,0,0,10
E000360,C008,A0258,1,1,0,0,0,24
E000361,C008,A0290,1,0,0,0,0,0
E000362,C008,A0134,0,0,0,0,0,0
E000363,C008,A0182,0,0,0,0,0,5
E000364,C008,A0329,0,0,0,0,0,4
E000365,C008,A0296,0,0,0,0,0,0
E000366,C008,A0198,1,0,1,0,0,28
E000367,C008,A0131,1,0,0,0,0,13
E000368,C008,A0031,0,0,0,0,0,5
E000369,C008,A0227,1,1,0,1,0,58
E000370,C008,A0268,0,0,0,0,0,0
E000371,C008,A0352,1,1,1,0,0,61
E000372,C008,A0252,0,0,0,0,0,0
E000373,C008,A0218,1,1,1,1,0,79
E000374,C008,A0091,1,0,1,0,0,38
E000375,C008,A0042,0,0,0,0,0,6
E000376,C008,A0236,1,0,1,1,0,54
E000377,C008,A0018,0,0,0,0,0,0
E000378,C008,A0073,1,1,1,0,0,52
E000379,C008,A0057,1,1,0,0,0,38
E000380,C008,A0087,1,0,0,0,0,5
E000381,C008,A0202,1,0,0,0,0,15
E000382,C008,A0113,1,1,1,0,0,39
E000383,C008,A0385,0,0,0,0,0,13
E000384,C008,A0110,0,0,0,0,0,1
E000385,C008,A0263,1,1,0,1,0,60
E000386,C008,A0044,0,0,0,0,0,0
E000387,C008,A0185,1,0,1,1,0,52
E000388,C008,A0002,0,0,0,0,0,0
E000389,C008,A0184,1,0,0,0,0,4
E000390,C008,A0354,1,0,0,0,0,0
E000391,C008,A0140,1,0,1,0,0,19
E000392,C008,A0158,1,0,1,1,0,60
E000393,C008,A0027,1,0,0,0,0,5
E000394,C008,A0216,1,0,1,1,1,73
E000395,C008,A0253,1,1,1,0,0,62
E000396,C008,A0015,0,0,0,0,0,1
E000397,C008,A0197,1,0,1,0,0,29
E000398,C008,A0357,1,1,0,1,0,64
E000399,C008,A0221,0,0,0,0,0,2
E000400,C008,A0235,1,0,0,0,0,2
E000401,C008,A0400,0,0,0,0,0,8
E000402,C008,A0085,1,1,0,0,0,25
E000403,C008,A0304,1,1,0,0,0,22
E000404,C008,A0108,1,0,1,0,0,28
E000405,C008,A0266,1,0,1,1,1,82
E000406,C008,A0222,1,0,0,0,0,14
E000407,C008,A0312,0,0,0,0,0,0
E000408,C008,A0339,1,0,1,1,0,59
E000409,C008,A0120,1,0,0,0,0,8
E000410,C008,A0373,0,0,0,0,0,1
E000411,C008,A0059,0,0,0,0,0,0
E000412,C008,A0096,0,0,0,0,0,0
E000413,C008,A0342,0,0,0,0,0,0
E000414,C009,A0299,1,0,1,0,0,22
E000415,C009,A0149,1,0,0,0,0,20
E000416,C009,A0027,0,0,0,0,0,0
E000417,C009,A0156,0,0,0,0,0,0
E000418,C009,A0103,0,0,0,0,0,2
E000419,C009,A0155,0,0,0,0,0,0
E000420,C009,A0018,0,0,0,0,0,0
E000421,C009,A0058,1,0,1,1,0,58
E000422,C009,A0400,0,0,0,0,0,0
E000423,C009,A0129,1,0,0,0,0,4
E000424,C009,A0211,1,0,0,0,0,4
E000425,C009,A0399,0,0,0,0,0,0
E000426,C009,A0052,0,0,0,0,0,0
E000427,C009,A0177,0,0,0,0,0,0
E000428,C009,A0320,0,0,0,0,0,0
E000429,C009,A0163,0,0,0,0,0,0
E000430,C009,A0219,0,0,0,0,0,3
E000431,C009,A0186,0,0,0,0,0,3
E000432,C009,A0113,0,0,0,0,0,3
E000433,C009,A0205,0,0,0,0,0,4
E000434,C010,A0372,1,1,0,0,0,17
E000435,C010,A0367,0,0,0,0,0,6
E000436,C010,A0237,0,0,0,0,0,0
E000437,C010,A0393,0,0,0,0,0,0
E000438,C010,A0194,1,0,1,0,0,28
E000439,C010,A0128,0,0,0,0,0,0
E000440,C010,A0095,1,0,1,1,0,58
E000441,C010,A0111,1,0,0,0,0,9
E000442,C010,A0050,0,0,0,0,0,0
E000443,C010,A0189,1,0,0,0,0,6
E000444,C010,A0290,0,0,0,0,0,8
E000445,C010,A0168,0,0,0,0,0,3
E000446,C010,A0368,0,0,0,0,0,5
E000447,C010,A0179,0,0,0,0,0,1
E000448,C010,A0160,0,0,0,0,0,9
E000449,C010,A0229,1,0,0,0,0,8
E000450,C010,A0112,1,0,0,0,0,10
E000451,C010,A0243,0,0,0,0,0,0
E000452,C010,A0352,1,0,0,0,0,13
E000453,C010,A0359,1,0,0,0,0,3
E000454,C011,A0301,1,1,1,1,0,82
E000455,C011,A0393,1,0,0,0,0,8
E000456,C011,A0190,1,0,0,0,0,11
E000457,C011,A0233,1,0,1,0,0,28
E000458,C011,A0261,1,1,0,0,0,27
E000459,C011,A0358,1,0,1,0,0,34
E000460,C011,A0297,1,1,1,0,0,48
E000461,C011,A0196,0,0,0,0,0,4
E000462,C011,A0177,0,0,0,0,0,0
E000463,C011,A0228,1,0,1,1,1,84
E000464,C011,A0198,0,0,0,0,0,0
E000465,C011,A0161,1,1,1,0,0,64
E000466,C011,A0377,1,0,1,1,0,49
E000467,C011,A0043,0,0,0,0,0,1
E000468,C011,A0067,0,0,0,0,0,0
E000469,C011,A0398,1,1,1,0,0,47
E000470,C011,A0013,1,0,0,0,0,11
E000471,C011,A0158,1,0,1,1,0,50
E000472,C011,A0015,1,0,0,0,0,10
E000473,C011,A0115,0,0,0,0,0,5
E000474,C011,A0021,1,0,1,0,0,21
E000475,C011,A0173,1,0,1,1,0,57
E000476,C011,A0389,0,0,0,0,0,0
E000477,C011,A0230,1,0,0,0,0,22
E000478,C011,A0204,0,0,0,0,0,2
E000479,C011,A0038,1,0,1,0,0,25
E000480,C011,A0231,0,0,0,0,0,2
E000481,C011,A0037,1,0,1,0,0,33
E000482,C011,A0152,0,0,0,0,0,0
E000483,C011,A0214,1,0,1,0,0,29
E000484,C011,A0129,1,0,1,0,0,34
E000485,C011,A0046,1,1,1,0,0,69
E000486,C011,A0294,1,1,1,1,0,68
E000487,C011,A0003,1,0,0,0,0,14
E000488,C011,A0379,1,1,0,0,0,41
E000489,C011,A0138,1,0,1,1,0,59
E000490,C011,A0106,0,0,0,0,0,4
E000491,C011,A0089,1,1,0,0,0,30
E000492,C011,A0298,0,0,0,0,0,0
E000493,C011,A0024,1,0,1,0,0,35
E000494,C011,A0249,0,0,0,0,0,2
E000495,C011,A0310,1,0,1,0,0,26
E000496,C011,A0281,1,0,1,1,0,58
E000497,C011,A0093,1,0,1,1,0,42
E000498,C011,A0232,0,0,0,0,0,0
E000499,C011,A0201,0,0,0,0,0,4
E000500,C011,A0116,0,0,0,0,0,9
E000501,C011,A0378,0,0,0,0,0,3
E000502,C011,A0321,0,0,0,0,0,0
E000503,C011,A0235,0,0,0,0,0,0
E000504,C011,A0001,0,0,0,0,0,0
E000505,C011,A0130,1,0,1,1,0,50
E000506,C011,A0282,0,0,0,0,0,9
E000507,C011,A0380,1,0,0,0,0,4
E000508,C011,A0264,1,1,1,0,0,52
E000509,C011,A0394,1,0,1,0,0,23
E000510,C011,A0313,1,1,1,1,0,83
E000511,C011,A0189,0,0,0,0,0,0
E000512,C011,A0290,1,0,0,0,0,8
E000513,C011,A0186,0,0,0,0,0,0
E000514,C011,A0396,1,0,0,0,0,22
E000515,C011,A0096,1,0,1,0,0,27
E000516,C011,A0019,1,0,0,0,0,15
E000517,C011,A0068,0,0,0,0,0,2
E000518,C011,A0147,0,0,0,0,0,0
E000519,C011,A0227,0,0,0,0,0,5
E000520,C011,A0336,1,0,1,0,0,25
E000521,C011,A0342,1,1,0,0,0,36
E000522,C011,A0354,0,0,0,0,0,1
E000523,C011,A0215,0,0,0,0,0,1
E000524,C011,A0325,0,0,0,0,0,0
E000525,C011,A0025,0,0,0,0,0,1
E000526,C011,A0047,0,0,0,0,0,0
E000527,C011,A0069,0,0,0,0,0,0
E000528,C011,A0369,1,0,1,1,0,49
E000529,C011,A0081,1,0,0,0,0,16
E000530,C011,A0153,1,0,0,0,0,6
E000531,C011,A0035,0,0,0,0,0,0
E000532,C011,A0132,0,0,0,0,0,12
E000533,C011,A0288,1,1,0,0,0,27
E000534,C011,A0188,0,0,0,0,0,0
E000535,C011,A0131,0,0,0,0,0,0
E000536,C011,A0062,1,0,0,0,0,11
E000537,C011,A0075,1,0,0,0,0,9
E000538,C011,A0061,1,0,0,0,0,14
E000539,C011,A0146,1,0,1,0,0,38
E000540,C011,A0050,1,0,1,1,1,78
E000541,C011,A0124,0,0,0,0,0,9
E000542,C011,A0041,1,1,1,1,0,91
E000543,C011,A0268,0,0,0,0,0,0
E000544,C011,A0322,1,0,0,0,0,7
E000545,C011,A0234,0,0,0,0,0,4
E000546,C011,A0387,1,0,1,0,0,26
E000547,C011,A0094,0,0,0,0,0,0
E000548,C011,A0295,1,0,1,0,0,37
E000549,C011,A0388,1,1,0,0,0,33
E000550,C011,A0112,0,0,0,0,0,0
E000551,C011,A0223,1,1,0,0,0,27
E000552,C011,A0349,1,0,0,0,0,3
E000553,C011,A0333,0,0,0,0,0,0
E000554,C011,A0247,1,1,0,0,0,32
E000555,C011,A0209,1,0,1,0,0,26
E000556,C011,A0056,1,1,0,0,0,36
E000557,C011,A0343,1,1,1,0,0,56
E000558,C012,A0104,0,0,0,0,0,2
E000559,C012,A0161,0,0,0,0,0,0
E000560,C012,A0144,1,0,1,0,0,34
E000561,C012,A0303,1,1,0,1,1,84
E000562,C012,A0061,0,0,0,0,0,0
E000563,C012,A0285,1,1,0,0,0,33
E000564,C012,A0080,1,0,0,0,0,14
E000565,C012,A0247,0,0,0,0,0,0
E000566,C012,A0327,1,0,0,0,0,7
E000567,C012,A0178,0,0,0,0,0,5
E000568,C012,A0316,0,0,0,0,0,0
E000569,C012,A0060,0,0,0,0,0,0
E000570,C012,A0254,0,0,0,0,0,1
E000571,C012,A0124,1,1,0,0,0,33
E000572,C012,A0335,1,0,1,1,0,54
E000573,C012,A0180,0,0,0,0,0,0
E000574,C012,A0217,1,0,0,0,0,16
E000575,C012,A0201,1,1,1,1,0,83
E000576,C012,A0271,0,0,0,0,0,9
E000577,C012,A0007,1,0,0,0,0,23
E000578,C012,A0173,1,1,1,1,0,77
E000579,C012,A0170,0,0,0,0,0,15
E000580,C012,A0302,0,0,0,0,0,5
E000581,C012,A0210,1,1,0,0,0,36
E000582,C012,A0195,1,1,0,1,0,58
E000583,C012,A0251,1,0,1,0,0,34
E000584,C012,A0224,0,0,0,0,0,0
E000585,C012,A0351,1,1,0,1,0,53
E000586,C012,A0174,1,0,1,1,0,60
E000587,C012,A0139,1,0,0,0,0,5
E000588,C012,A0340,0,0,0,0,0,6
E000589,C012,A0105,1,1,0,1,0,63
E000590,C013,A0298,0,0,0,0,0,0
E000591,C013,A0197,1,1,0,0,0,44
E000592,C013,A0365,1,0,0,0,0,4
E000593,C013,A0136,1,1,0,1,0,53
E000594,C013,A0307,0,0,0,0,0,0
E000595,C013,A0272,0,0,0,0,0,0
E000596,C013,A0273,1,0,0,0,0,2
E000597,C013,A0226,1,1,0,0,0,34
E000598,C013,A0235,0,0,0,0,0,2
E000599,C013,A0354,1,0,0,0,0,12
E000600,C013,A0368,1,0,0,0,0,7
E000601,C013,A0065,1,1,0,0,0,36
E000602,C013,A0385,0,0,0,0,0,0
E000603,C013,A0078,1,1,0,1,0,62
E000604,C013,A0115,0,0,0,0,0,0
E000605,C013,A0119,1,1,1,0,0,52
E000606,C013,A0016,1,1,0,1,1,78
E000607,C013,A0374,1,0,1,0,0,25
E000608,C013,A0319,1,0,1,1,0,55
E000609,C013,A0367,0,0,0,0,0,4
E000610,C013,A0140,1,0,0,0,0,9
E000611,C013,A0313,1,0,0,0,0,12
E000612,C014,A0231,0,0,0,0,0,8
E000613,C014,A0101,0,0,0,0,0,5
E000614,C014,A0028,0,0,0,0,0,1
E000615,C014,A0039,1,0,0,0,0,13
E000616,C014,A0267,1,0,0,0,0,15
E000617,C014,A0137,0,0,0,0,0,0
E000618,C014,A0373,0,0,0,0,0,2
E000619,C014,A0384,0,0,0,0,0,2
E000620,C014,A0145,0,0,0,0,0,1
E000621,C014,A0349,0,0,0,0,0,14
E000622,C014,A0379,0,0,0,0,0,6
E000623,C014,A0118,1,0,0,0,0,18
E000624,C014,A0332,0,0,0,0,0,0
E000625,C014,A0075,0,0,0,0,0,1
E000626,C014,A0338,1,0,1,0,0,33
E000627,C014,A0397,0,0,0,0,0,0
E000628,C014,A0314,0,0,0,0,0,0
E000629,C014,A0127,0,0,0,0,0,0
E000630,C014,A0370,0,0,0,0,0,9
E000631,C014,A0366,1,0,1,0,0,27
E000632,C014,A0277,1,0,0,0,0,16
E000633,C014,A0289,0,0,0,0,0,10
E000634,C014,A0284,0,0,0,0,0,2
E000635,C014,A0111,0,0,0,0,0,0
E000636,C014,A0188,0,0,0,0,0,0
E000637,C014,A0292,0,0,0,0,0,7
E000638,C014,A0079,0,0,0,0,0,1
E000639,C014,A0279,0,0,0,0,0,4
E000640,C014,A0300,0,0,0,0,0,6
E000641,C014,A0183,1,0,0,0,0,6
E000642,C014,A0322,0,0,0,0,0,0
E000643,C014,A0371,1,0,0,0,0,5
E000644,C014,A0378,0,0,0,0,0,4
E000645,C014,A0275,0,0,0,0,0,0
E000646,C014,A0142,0,0,0,0,0,4
E000647,C014,A0364,0,0,0,0,0,5
E000648,C015,A0120,1,1,1,1,1,91
E000649,C015,A0103,1,1,0,0,0,33
E000650,C015,A0073,1,0,1,1,0,57
E000651,C015,A0177,1,0,1,0,0,32
E000652,C015,A0255,1,0,0,0,0,4
E000653,C015,A0219,1,0,1,0,0,26
E000654,C015,A0399,1,0,0,0,0,12
E000655,C015,A0133,1,0,0,0,0,10
E000656,C015,A0350,0,0,0,0,0,4
E000657,C015,A0208,1,0,1,1,0,43
E000658,C015,A0113,1,0,0,0,0,3
E000659,C015,A0287,0,0,0,0,0,11
E000660,C015,A0299,1,0,1,0,0,32
E000661,C015,A0052,0,0,0,0,0,1
E000662,C015,A0058,0,0,0,0,0,2
E000663,C015,A0163,1,1,0,0,0,31
E000664,C015,A0064,1,0,0,0,0,10
E000665,C015,A0156,0,0,0,0,0,8
E000666,C015,A0186,1,1,0,1,0,71
E000667,C015,A0212,0,0,0,0,0,0
E000668,C016,A0019,1,0,1,0,0,34
E000669,C016,A0312,1,0,0,0,0,0
E000670,C016,A0101,0,0,0,0,0,0
E000671,C016,A0185,1,0,1,0,0,27
E000672,C016,A0118,0,0,0,0,0,2
E000673,C016,A0229,1,0,0,0,0,13
E000674,C016,A0168,0,0,0,0,0,0
E000675,C016,A0184,0,0,0,0,0,6
E000676,C016,A0182,0,0,0,0,0,6
E000677,C016,A0014,1,0,0,0,0,11
E000678,C016,A0125,1,0,0,0,0,15
E000679,C016,A0300,0,0,0,0,0,12
E000680,C016,A0244,0,0,0,0,0,0
E000681,C016,A0364,0,0,0,0,0,0
E000682,C016,A0039,0,0,0,0,0,0
E000683,C016,A0013,1,0,0,0,0,10
E000684,C016,A0142,1,0,0,0,0,11
E000685,C016,A0111,0,0,0,0,0,1
E000686,C016,A0280,0,0,0,0,0,0
E000687,C016,A0010,0,0,0,0,0,0
E000688,C016,A0175,1,0,0,0,0,18
E000689,C016,A0366,1,0,0,0,0,14
E000690,C016,A0276,0,0,0,0,0,9
E000691,C016,A0085,1,0,0,0,0,5
E000692,C016,A0050,0,0,0,0,0,6
E000693,C016,A0291,1,0,0,0,0,0
E000694,C016,A0188,0,0,0,0,0,2
E000695,C016,A0371,1,0,0,0,0,13
E000696,C016,A0387,0,0,0,0,0,5
E000697,C016,A0081,0,0,0,0,0,0
E000698,C016,A0109,0,0,0,0,0,0
E000699,C016,A0358,1,0,0,0,0,13
E000700,C016,A0127,1,0,0,0,0,0
E000701,C016,A0193,1,0,1,0,0,35
E000702,C016,A0194,0,0,0,0,0,0
E000703,C016,A0097,0,0,0,0,0,0
E000704,C016,A0137,0,0,0,0,0,0
E000705,C016,A0023,1,0,0,0,0,2
E000706,C016,A0284,0,0,0,0,0,5
E000707,C016,A0370,0,0,0,0,0,0
E000708,C016,A0289,1,0,0,0,0,3
E000709,C016,A0362,1,0,0,0,0,9
E000710,C016,A0396,0,0,0,0,0,3
E000711,C016,A0268,0,0,0,0,0,3
E000712,C016,A0296,0,0,0,0,0,0
E000713,C016,A0240,0,0,0,0,0,1
E000714,C016,A0397,0,0,0,0,0,8
E000715,C016,A0243,0,0,0,0,0,5
E000716,C017,A0071,0,0,0,0,0,0
E000717,C017,A0347,0,0,0,0,0,13
E000718,C017,A0027,0,0,0,0,0,0
E000719,C017,A0396,1,0,0,0,0,8
E000720,C017,A0311,0,0,0,0,0,0
E000721,C017,A0246,0,0,0,0,0,6
E000722,C017,A0140,1,0,1,0,0,38
E000723,C017,A0284,0,0,0,0,0,7
E000724,C017,A0277,0,0,0,0,0,0
E000725,C017,A0281,1,0,0,0,0,15
E000726,C017,A0183,1,0,0,0,0,4
E000727,C017,A0164,0,0,0,0,0,2
E000728,C017,A0267,1,0,0,0,0,14
E000729,C017,A0088,1,0,0,0,0,14
E000730,C017,A0131,0,0,0,0,0,2
E000731,C017,A0148,0,0,0,0,0,0
E000732,C017,A0072,0,0,0,0,0,6
E000733,C017,A0239,1,0,0,0,0,16
E000734,C017,A0273,1,0,1,1,0,71
E000735,C017,A0365,1,0,0,0,0,6
E000736,C017,A0307,0,0,0,0,0,0
E000737,C017,A0391,0,0,0,0,0,4
E000738,C017,A0345,1,0,0,0,0,0
E000739,C017,A0181,0,0,0,0,0,2
E000740,C017,A0274,0,0,0,0,0,5
E000741,C017,A0236,1,0,0,0,0,0
E000742,C017,A0008,1,0,1,0,0,35
E000743,C017,A0050,0,0,0,0,0,0
E000744,C017,A0130,0,0,0,0,0,0
E000745,C017,A0076,1,0,0,0,0,15
E000746,C017,A0241,1,0,0,0,0,18
E000747,C017,A0151,0,0,0,0,0,0
E000748,C017,A0046,0,0,0,0,0,10
E000749,C017,A0227,1,0,0,0,0,1
E000750,C017,A0257,0,0,0,0,0,0
E000751,C017,A0137,0,0,0,0,0,1
E000752,C017,A0382,1,0,0,0,0,10
E000753,C017,A0006,0,0,0,0,0,3
E000754,C017,A0028,1,0,0,0,0,8
E000755,C017,A0011,0,0,0,0,0,0
E000756,C017,A0386,0,0,0,0,0,0
E000757,C017,A0342,0,0,0,0,0,7
E000758,C017,A0015,1,0,0,0,0,9
E000759,C017,A0326,1,0,0,0,0,10
E000760,C017,A0096,1,0,0,0,0,7
E000761,C017,A0184,0,0,0,0,0,0
E000762,C017,A0295,0,0,0,0,0,0
E000763,C017,A0211,1,0,0,0,0,1
E000764,C017,A0263,0,0,0,0,0,1
E000765,C017,A0249,1,0,0,0,0,10
E000766,C017,A0036,0,0,0,0,0,9
E000767,C017,A0397,1,0,0,0,0,21
E000768,C017,A0198,0,0,0,0,0,0
E000769,C017,A0030,0,0,0,0,0,2
E000770,C017,A0150,1,0,0,0,0,0
E000771,C017,A0314,1,0,0,0,0,13
E000772,C017,A0346,0,0,0,0,0,0
E000773,C017,A0385,1,0,1,0,0,25
E000774,C017,A0176,0,0,0,0,0,0
E000775,C017,A0070,1,0,0,0,0,10
E000776,C017,A0333,0,0,0,0,0,0
E000777,C017,A0079,0,0,0,0,0,4
E000778,C017,A0252,0,0,0,0,0,5
E000779,C017,A0017,1,0,0,0,0,15
E000780,C017,A0371,0,0,0,0,0,0
E000781,C017,A0259,0,0,0,0,0,3
E000782,C017,A0358,1,0,0,0,0,15
E000783,C017,A0001,1,0,1,0,0,20
E000784,C017,A0009,0,0,0,0,0,0
E000785,C017,A0047,1,0,0,0,0,12
E000786,C017,A0119,0,0,0,0,0,0
E000787,C017,A0005,1,0,0,0,0,3
E000788,C017,A0390,1,0,0,0,0,17
E000789,C017,A0134,0,0,0,0,0,0
E000790,C017,A0379,0,0,0,0,0,0
E000791,C017,A0057,0,0,0,0,0,5
E000792,C017,A0127,0,0,0,0,0,4
E000793,C017,A0003,0,0,0,0,0,0
E000794,C017,A0108,0,0,0,0,0,3
E000795,C017,A0204,1,0,0,0,0,6
E000796,C017,A0393,0,0,0,0,0,11
E000797,C017,A0208,1,0,0,0,0,13
E000798,C017,A0073,1,0,0,0,0,7
E000799,C017,A0308,0,0,0,0,0,0
E000800,C017,A0228,0,0,0,0,0,4
E000801,C017,A0378,0,0,0,0,0,0
E000802,C017,A0107,0,0,0,0,0,0
E000803,C017,A0064,0,0,0,0,0,12
E000804,C017,A0101,0,0,0,0,0,5
E000805,C017,A0392,0,0,0,0,0,0
E000806,C017,A0331,1,0,0,0,0,0
E000807,C017,A0225,1,0,0,0,0,17
E000808,C017,A0244,0,0,0,0,0,2
E000809,C017,A0117,0,0,0,0,0,9
E000810,C017,A0032,1,0,0,0,0,10
E000811,C017,A0265,0,0,0,0,0,0
E000812,C017,A0367,1,0,0,0,0,20
E000813,C017,A0362,1,0,1,0,0,32
E000814,C017,A0256,1,0,0,0,0,13
E000815,C017,A0312,1,0,0,0,0,11
E000816,C017,A0212,1,0,0,0,0,18
E000817,C017,A0235,1,0,0,0,0,11
E000818,C017,A0336,0,0,0,0,0,3
E000819,C017,A0319,0,0,0,0,0,3
E000820,C017,A0297,1,0,1,0,0,30
E000821,C017,A0399,1,0,0,0,0,5
E000822,C017,A0125,1,0,0,0,0,7
E000823,C017,A0344,0,0,0,0,0,2
E000824,C017,A0022,0,0,0,0,0,0
E000825,C017,A0162,0,0,0,0,0,0
E000826,C017,A0097,0,0,0,0,0,0
E000827,C017,A0272,0,0,0,0,0,3
E000828,C017,A0100,0,0,0,0,0,6
E000829,C017,A0158,0,0,0,0,0,0
E000830,C017,A0038,0,0,0,0,0,0
E000831,C017,A0400,1,0,0,0,0,7
E000832,C017,A0154,1,0,1,0,0,32
E000833,C017,A0299,0,0,0,0,0,17
E000834,C017,A0276,1,0,1,1,0,52
E000835,C017,A0167,1,0,0,0,0,5
E000836,C017,A0243,0,0,0,0,0,0
E000837,C017,A0376,1,0,0,0,0,12
E000838,C017,A0298,0,0,0,0,0,0
E000839,C017,A0065,1,0,0,0,0,8
E000840,C017,A0370,0,0,0,0,0,0
E000841,C017,A0077,1,0,1,0,0,33
E000842,C017,A0306,0,0,0,0,0,0
E000843,C017,A0219,1,0,0,0,0,2
E000844,C017,A0019,1,0,0,0,0,13
E000845,C017,A0320,1,0,1,0,0,25
E000846,C017,A0380,1,0,0,0,0,10
E000847,C017,A0138,1,0,0,0,0,7
E000848,C017,A0082,1,0,0,0,0,5
E000849,C017,A0300,1,0,1,0,0,25
E000850,C017,A0268,0,0,0,0,0,4
E000851,C017,A0112,0,0,0,0,0,0
E000852,C017,A0091,0,0,0,0,0,2
E000853,C017,A0289,0,0,0,0,0,0
E000854,C017,A0185,0,0,0,0,0,9
E000855,C017,A0109,0,0,0,0,0,0
E000856,C017,A0361,1,0,1,0,0,29
E000857,C017,A0287,0,0,0,0,0,0
E000858,C017,A0366,0,0,0,0,0,0
E000859,C017,A0221,1,0,1,0,0,27
E000860,C017,A0129,0,0,0,0,0,0
E000861,C017,A0374,0,0,0,0,0,0
E000862,C017,A0283,0,0,0,0,0,0
E000863,C017,A0222,1,0,0,0,0,13
E000864,C018,A0224,1,0,1,1,1,73
E000865,C018,A0105,1,1,0,0,0,35
E000866,C018,A0217,1,1,1,1,1,100
E000867,C018,A0201,1,1,1,0,0,49
E000868,C018,A0060,1,0,1,0,0,33
E000869,C018,A0337,0,0,0,0,0,0
E000870,C018,A0048,1,0,1,0,0,37
E000871,C018,A0143,1,1,0,1,0,52
E000872,C018,A0152,1,1,1,1,1,100
E000873,C018,A0007,1,0,1,0,0,43
E000874,C018,A0230,0,0,0,0,0,0
E000875,C018,A0043,1,0,1,1,1,75
E000876,C018,A0180,0,0,0,0,0,0
E000877,C018,A0026,1,0,0,0,0,10
E000878,C018,A0126,1,1,0,0,0,31
E000879,C018,A0067,1,1,0,0,0,36
E000880,C018,A0335,0,0,0,0,0,0
E000881,C018,A0153,1,1,1,0,0,62
E000882,C018,A0170,0,0,0,0,0,0
E000883,C018,A0069,1,1,0,1,0,50
E000884,C018,A0214,1,0,0,0,0,9
E000885,C018,A0061,1,1,1,1,1,99
E000886,C018,A0213,0,0,0,0,0,0
E000887,C018,A0080,1,0,0,0,0,12
E000888,C018,A0327,0,0,0,0,0,0
E000889,C018,A0351,1,0,1,1,0,57
E000890,C018,A0247,0,0,0,0,0,0
E000891,C018,A0200,0,0,0,0,0,0
E000892,C018,A0132,1,0,1,1,0,58
E000893,C019,A0260,1,1,0,0,0,34
E000894,C019,A0301,1,1,1,0,0,53
E000895,C019,A0253,0,0,0,0,0,3
E000896,C019,A0064,1,0,0,0,0,19
E000897,C019,A0266,1,0,1,0,0,26
E000898,C019,A0290,0,0,0,0,0,0
E000899,C019,A0250,1,0,0,0,0,14
E000900,C019,A0238,1,0,0,0,0,0
E000901,C019,A0027,1,1,1,1,1,95
E000902,C019,A0212,0,0,0,0,0,7
E000903,C019,A0009,1,0,0,0,0,11
E000904,C019,A0241,0,0,0,0,0,1
E000905,C019,A0281,1,0,0,0,0,13
E000906,C019,A0167,1,0,0,0,0,10
E000907,C019,A0076,0,0,0,0,0,0
E000908,C019,A0128,0,0,0,0,0,7
E000909,C019,A0130,1,1,0,0,0,41
E000910,C019,A0221,0,0,0,0,0,0
E000911,C019,A0135,1,0,0,0,0,7
E000912,C019,A0063,0,0,0,0,0,0
E000913,C019,A0156,0,0,0,0,0,0
E000914,C019,A0336,0,0,0,0,0,0
E000915,C019,A0347,1,1,1,0,0,50
E000916,C019,A0099,1,0,0,0,0,12
E000917,C019,A0031,0,0,0,0,0,0
E000918,C019,A0232,0,0,0,0,0,1
E000919,C019,A0088,0,0,0,0,0,1
E000920,C019,A0116,1,1,1,0,0,63
E000921,C019,A0274,0,0,0,0,0,0
E000922,C019,A0163,1,0,1,0,0,29
E000923,C019,A0324,1,0,0,0,0,0
E000924,C019,A0032,0,0,0,0,0,5
E000925,C019,A0278,0,0,0,0,0,2
E000926,C019,A0305,1,0,1,0,0,32
E000927,C019,A0309,1,1,0,0,0,22
E000928,C019,A0339,1,0,0,0,0,1
E000929,C019,A0269,1,0,1,0,0,38
E000930,C019,A0228,1,0,1,0,0,29
E000931,C019,A0357,0,0,0,0,0,0
E000932,C019,A0348,0,0,0,0,0,2
E000933,C019,A0113,1,0,1,1,0,60
E000934,C019,A0073,0,0,0,0,0,7
E000935,C019,A0059,1,0,0,0,0,16
E000936,C019,A0062,1,0,0,0,0,10
E000937,C019,A0323,0,0,0,0,0,0
E000938,C019,A0166,1,0,0,0,0,12
E000939,C019,A0255,1,0,1,1,0,61
E000940,C019,A0072,1,0,1,0,0,42
E000941,C019,A0112,1,1,0,0,0,31
E000942,C019,A0155,1,0,0,0,0,0
E000943,C019,A0286,1,0,0,0,0,7
E000944,C019,A0225,1,1,1,0,0,51
E000945,C019,A0219,0,0,0,0,0,0
E000946,C019,A0295,1,0,1,0,0,24
E000947,C019,A0114,0,0,0,0,0,0
E000948,C019,A0123,1,0,0,0,0,15
E000949,C019,A0220,1,0,1,0,0,40
E000950,C019,A0376,0,0,0,0,0,0
E000951,C019,A0239,1,0,0,0,0,11
E000952,C019,A0096,1,1,1,1,0,75
E000953,C019,A0392,0,0,0,0,0,0
E000954,C019,A0334,1,0,1,1,0,43
E000955,C019,A0003,0,0,0,0,0,0
E000956,C019,A0308,1,0,1,0,0,21
E000957,C019,A0288,1,0,1,0,0,37
E000958,C019,A0294,0,0,0,0,0,5
E000959,C019,A0372,1,0,0,0,0,2
E000960,C019,A0071,1,0,0,0,0,19
E000961,C020,A0220,0,0,0,0,0,6
E000962,C020,A0164,1,1,0,0,0,26
E000963,C020,A0350,1,0,1,0,0,27
E000964,C020,A0294,1,0,0,0,0,8
E000965,C020,A0232,0,0,0,0,0,6
E000966,C020,A0088,1,1,1,0,0,48
E000967,C020,A0241,0,0,0,0,0,7
E000968,C020,A0376,1,0,1,0,0,26
E000969,C020,A0049,0,0,0,0,0,1
E000970,C020,A0357,1,1,1,0,0,52
E000971,C020,A0157,0,0,0,0,0,3
E000972,C020,A0006,1,0,0,0,0,17
E000973,C020,A0301,1,0,1,0,0,23
E000974,C020,A0024,1,0,1,0,0,38
E000975,C020,A0091,1,0,1,1,0,58
E000976,C020,A0172,0,0,0,0,0,0
E000977,C020,A0031,1,0,1,1,0,66
E000978,C020,A0015,1,1,0,0,0,37
E000979,C020,A0147,0,0,0,0,0,0
E000980,C020,A0202,1,0,0,0,0,28
E000981,C020,A0205,0,0,0,0,0,0
E000982,C020,A0155,0,0,0,0,0,4
E000983,C020,A0339,1,1,0,0,0,38
E000984,C020,A0186,1,0,0,0,0,0
E000985,C020,A0040,1,1,0,0,0,34
E000986,C020,A0309,1,0,0,0,0,2
E000987,C020,A0336,1,0,1,0,0,30
E000988,C020,A0400,0,0,0,0,0,0
E000989,C020,A0215,1,0,0,0,0,9
E000990,C020,A0176,1,1,0,0,0,37
E000991,C020,A0042,1,0,1,0,0,40
E000992,C020,A0027,1,1,1,1,0,84
E000993,C020,A0062,0,0,0,0,0,6
E000994,C020,A0058,0,0,0,0,0,2
E000995,C020,A0064,1,0,1,0,0,24
E000996,C020,A0099,1,0,0,0,0,2
E000997,C020,A0011,0,0,0,0,0,3
E000998,C021,A0218,0,0,0,0,0,5
E000999,C021,A0385,0,0,0,0,0,0
E001000,C021,A0264,1,0,0,0,0,24
E001001,C021,A0021,1,0,0,0,0,12
E001002,C021,A0297,1,0,1,0,0,38
E001003,C021,A0263,1,0,0,0,0,5
E001004,C021,A0001,0,0,0,0,0,0
E001005,C021,A0002,1,0,1,0,0,30
E001006,C021,A0272,0,0,0,0,0,0
E001007,C021,A0102,1,0,0,0,0,9
E001008,C021,A0057,1,0,0,0,0,8
E001009,C021,A0307,0,0,0,0,0,0
E001010,C021,A0005,0,0,0,0,0,5
E001011,C021,A0053,0,0,0,0,0,11
E001012,C021,A0222,1,0,0,0,0,5
E001013,C021,A0329,0,0,0,0,0,1
E001014,C021,A0136,1,0,1,0,0,30
E001015,C021,A0330,0,0,0,0,0,0
E001016,C021,A0319,1,0,1,0,0,34
E001017,C021,A0044,1,1,1,0,0,53
E001018,C021,A0034,1,0,1,1,0,60
E001019,C022,A0332,0,0,0,0,0,0
E001020,C022,A0396,1,0,0,0,0,12
E001021,C022,A0292,1,1,1,1,1,97
E001022,C022,A0248,0,0,0,0,0,0
E001023,C022,A0393,1,1,0,0,0,39
E001024,C022,A0022,0,0,0,0,0,7
E001025,C022,A0014,1,1,0,0,0,31
E001026,C022,A0312,1,0,0,0,0,13
E001027,C022,A0371,1,0,1,0,0,26
E001028,C022,A0137,1,1,0,1,0,62
E001029,C022,A0362,1,1,1,1,0,81
E001030,C022,A0188,1,1,0,0,0,30
E001031,C022,A0284,1,0,0,0,0,9
E001032,C022,A0154,1,0,0,0,0,6
E001033,C022,A0306,1,0,1,0,0,32
E001034,C022,A0125,1,1,0,0,0,38
E001035,C022,A0358,1,1,1,1,0,81
E001036,C022,A0013,0,0,0,0,0,1
E001037,C022,A0182,1,1,0,0,0,26
E001038,C022,A0397,0,0,0,0,0,0
E001039,C022,A0296,1,1,1,0,0,54
E001040,C022,A0168,1,0,0,0,0,9
E001041,C022,A0237,1,0,0,0,0,12
E001042,C022,A0387,0,0,0,0,0,0
E001043,C022,A0349,1,1,1,1,0,92
E001044,C022,A0379,0,0,0,0,0,0
E001045,C022,A0229,1,0,1,0,0,32
E001046,C022,A0300,1,0,1,0,0,34
E001047,C022,A0240,1,1,1,0,0,56
E001048,C022,A0373,1,1,1,1,0,73
E001049,C022,A0370,1,1,1,1,0,79
E001050,C022,A0045,1,1,0,0,0,28
E001051,C022,A0322,0,0,0,0,0,0
E001052,C022,A0145,1,1,0,0,0,39
E001053,C022,A0050,1,0,1,1,1,70
E001054,C022,A0008,1,0,0,0,0,12
E001055,C022,A0183,1,1,0,0,0,27
E001056,C023,A0359,0,0,0,0,0,14
E001057,C023,A0294,0,0,0,0,0,0
E001058,C023,A0331,1,1,0,0,0,38
E001059,C023,A0140,0,0,0,0,0,13
E001060,C023,A0310,1,1,0,0,0,32
E001061,C023,A0398,1,1,0,1,0,57
E001062,C023,A0273,1,0,1,0,0,36
E001063,C023,A0311,1,1,0,1,1,74
E001064,C023,A0021,0,0,0,0,0,0
E001065,C023,A0292,1,1,0,1,0,69
E001066,C023,A0244,1,0,1,0,0,28
E001067,C023,A0301,1,1,0,0,0,37
E001068,C023,A0319,0,0,0,0,0,5
E001069,C023,A0068,0,0,0,0,0,0
E001070,C023,A0034,0,0,0,0,0,0
E001071,C023,A0221,1,1,0,0,0,35
E001072,C023,A0038,1,1,1,0,0,50
E001073,C023,A0396,1,1,0,1,0,61
E001074,C023,A0309,1,0,0,0,0,0
E001075,C023,A0089,0,0,0,0,0,5
E001076,C023,A0114,0,0,0,0,0,0
E001077,C023,A0275,1,1,0,0,0,27
E001078,C023,A0202,1,0,1,0,0,34
E001079,C023,A0016,0,0,0,0,0,0
E001080,C023,A0330,1,0,0,0,0,10
E001081,C023,A0135,0,0,0,0,0,0
E001082,C023,A0190,0,0,0,0,0,2
E001083,C023,A0003,0,0,0,0,0,1
E001084,C023,A0270,1,0,0,0,0,9
E001085,C023,A0308,0,0,0,0,0,1
E001086,C023,A0236,1,1,1,0,0,50
E001087,C023,A0385,1,0,1,0,0,29
E001088,C023,A0255,1,0,1,0,0,31
E001089,C023,A0092,1,0,0,0,0,6
E001090,C023,A0156,0,0,0,0,0,0
E001091,C023,A0196,1,0,0,0,0,10
E001092,C023,A0344,1,1,0,1,0,56
E001093,C023,A0222,1,1,0,0,0,44
E001094,C023,A0334,0,0,0,0,0,4
E001095,C023,A0291,0,0,0,0,0,0
E001096,C023,A0136,1,1,0,0,0,28
E001097,C023,A0164,0,0,0,0,0,11
E001098,C023,A0208,1,1,1,0,0,53
E001099,C023,A0155,0,0,0,0,0,9
E001100,C023,A0207,1,1,0,0,0,39
E001101,C023,A0169,0,0,0,0,0,3
E001102,C023,A0015,1,0,0,0,0,12
E001103,C023,A0050,1,1,0,0,0,42
E001104,C023,A0142,1,0,0,0,0,11
E001105,C023,A0071,0,0,0,0,0,0
E001106,C023,A0064,0,0,0,0,0,0
E001107,C023,A0242,0,0,0,0,0,3
E001108,C023,A0199,0,0,0,0,0,0
E001109,C023,A0232,0,0,0,0,0,1
E001110,C023,A0006,1,1,0,0,0,26
E001111,C023,A0053,1,0,0,0,0,8
E001112,C023,A0017,1,0,1,0,0,37
E001113,C023,A0115,0,0,0,0,0,5
E001114,C023,A0127,1,0,0,0,0,11
E001115,C023,A0168,1,1,0,0,0,26
E001116,C023,A0110,1,0,1,1,0,57
E001117,C023,A0248,1,1,1,0,0,41
E001118,C023,A0218,0,0,0,0,0,9
E001119,C023,A0185,1,1,1,0,0,61
E001120,C023,A0141,1,1,0,1,1,70
E001121,C023,A0147,1,1,0,0,0,29
E001122,C023,A0300,0,0,0,0,0,19
E001123,C023,A0278,0,0,0,0,0,8
E001124,C023,A0352,1,0,0,0,0,13
E001125,C023,A0121,0,0,0,0,0,0
E001126,C023,A0356,1,1,1,0,0,48
E001127,C023,A0118,1,0,1,0,0,20
E001128,C023,A0284,0,0,0,0,0,0
E001129,C023,A0022,0,0,0,0,0,0
E001130,C023,A0024,1,0,1,1,0,58
E001131,C023,A0002,1,0,0,0,0,15
E001132,C023,A0090,1,0,0,0,0,14
E001133,C023,A0188,1,1,1,0,0,54
E001134,C023,A0245,1,0,0,0,0,13
E001135,C023,A0167,1,0,0,0,0,4
E001136,C023,A0082,1,1,0,0,0,41
E001137,C023,A0345,1,1,1,0,0,61
E001138,C023,A0052,0,0,0,0,0,1
E001139,C023,A0137,0,0,0,0,0,0
E001140,C023,A0205,1,1,0,0,0,34
E001141,C023,A0246,1,1,0,0,0,49
E001142,C023,A0150,0,0,0,0,0,0
E001143,C023,A0189,0,0,0,0,0,0
E001144,C023,A0286,0,0,0,0,0,0
E001145,C023,A0371,0,0,0,0,0,0
E001146,C023,A0042,1,1,0,0,0,39
E001147,C023,A0045,0,0,0,0,0,0
E001148,C023,A0107,0,0,0,0,0,3
E001149,C023,A0229,0,0,0,0,0,0
E001150,C023,A0368,1,1,0,0,0,32
E001151,C023,A0262,0,0,0,0,0,0
E001152,C023,A0157,1,1,0,1,0,62
E001153,C023,A0333,1,0,0,0,0,17
E001154,C023,A0063,1,0,0,0,0,19
E001155,C023,A0370,1,0,0,0,0,6
E001156,C023,A0160,0,0,0,0,0,10
E001157,C023,A0040,0,0,0,0,0,0
E001158,C023,A0258,0,0,0,0,0,4
E001159,C023,A0306,1,1,0,1,0,62
E001160,C023,A0001,0,0,0,0,0,0
E001161,C023,A0181,1,0,0,0,0,11
E001162,C023,A0120,0,0,0,0,0,0
E001163,C023,A0138,1,0,0,0,0,20
E001164,C023,A0018,1,1,1,0,0,39
E001165,C024,A0106,0,0,0,0,0,10
E001166,C024,A0358,0,0,0,0,0,1
E001167,C024,A0371,0,0,0,0,0,0
E001168,C024,A0075,0,0,0,0,0,0
E001169,C024,A0260,1,0,0,0,0,7
E001170,C024,A0012,1,1,0,0,0,33
E001171,C024,A0039,0,0,0,0,0,0
E001172,C024,A0101,0,0,0,0,0,2
E001173,C024,A0081,1,1,1,1,0,81
E001174,C024,A0313,0,0,0,0,0,0
E001175,C024,A0382,0,0,0,0,0,3
E001176,C024,A0221,0,0,0,0,0,3
E001177,C024,A0379,0,0,0,0,0,5
E001178,C024,A0245,0,0,0,0,0,6
E001179,C024,A0118,1,0,0,0,0,11
E001180,C024,A0004,1,1,0,0,0,40
E001181,C024,A0197,1,0,0,0,0,18
E001182,C024,A0093,1,0,0,0,0,10
E001183,C024,A0385,1,0,0,0,0,9
E001184,C024,A0042,1,0,0,0,0,5
E001185,C024,A0249,1,1,0,0,0,27
E001186,C024,A0301,1,0,0,0,0,16
E001187,C024,A0102,0,0,0,0,0,0
E001188,C024,A0250,0,0,0,0,0,0
E001189,C024,A0265,0,0,0,0,0,6
E001190,C024,A0222,1,1,1,0,0,65
E001191,C024,A0169,0,0,0,0,0,0
E001192,C024,A0122,1,0,0,0,0,9
E001193,C024,A0357,0,0,0,0,0,0
E001194,C024,A0032,0,0,0,0,0,0
E001195,C024,A0232,1,1,0,0,0,35
E001196,C024,A0241,0,0,0,0,0,10
E001197,C024,A0329,1,0,0,0,0,6
E001198,C025,A0012,0,0,0,0,0,4
E001199,C025,A0127,0,0,0,0,0,0
E001200,C025,A0077,0,0,0,0,0,3
E001201,C025,A0010,0,0,0,0,0,0
E001202,C025,A0356,0,0,0,0,0,5
E001203,C025,A0001,0,0,0,0,0,0
E001204,C025,A0260,1,0,0,0,0,0
E001205,C025,A0238,1,0,0,0,0,20
E001206,C025,A0268,1,0,0,0,0,15
E001207,C025,A0325,1,0,1,0,0,34
E001208,C025,A0034,1,0,0,0,0,3
E001209,C025,A0135,0,0,0,0,0,0
E001210,C025,A0005,0,0,0,0,0,0
E001211,C025,A0009,0,0,0,0,0,6
E001212,C025,A0392,0,0,0,0,0,6
E001213,C025,A0022,1,0,0,0,0,11
E001214,C025,A0286,0,0,0,0,0,0
E001215,C025,A0102,0,0,0,0,0,0
E001216,C025,A0278,0,0,0,0,0,5
E001217,C025,A0287,1,0,0,0,0,12
E001218,C025,A0194,0,0,0,0,0,0
E001219,C025,A0329,1,0,0,0,0,10
E001220,C025,A0004,1,0,0,0,0,7
E001221,C025,A0024,1,0,0,0,0,9
E001222,C025,A0114,0,0,0,0,0,0
E001223,C025,A0241,0,0,0,0,0,6
E001224,C025,A0370,0,0,0,0,0,0
E001225,C025,A0318,1,0,0,0,0,12
E001226,C025,A0223,0,0,0,0,0,0
E001227,C025,A0184,0,0,0,0,0,3
E001228,C025,A0364,1,0,0,0,0,21
E001229,C025,A0358,0,0,0,0,0,1
E001230,C025,A0072,0,0,0,0,0,6
E001231,C025,A0107,1,0,1,0,0,28
E001232,C025,A0386,0,0,0,0,0,0
E001233,C025,A0250,0,0,0,0,0,0
E001234,C025,A0347,0,0,0,0,0,10
E001235,C025,A0275,0,0,0,0,0,7
E001236,C025,A0296,0,0,0,0,0,0
E001237,C025,A0261,1,0,0,0,0,10
E001238,C025,A0095,1,0,0,0,0,22
E001239,C025,A0038,1,0,0,0,0,13
E001240,C025,A0269,0,0,0,0,0,0
E001241,C025,A0353,0,0,0,0,0,3
E001242,C025,A0385,1,0,1,0,0,26
E001243,C025,A0037,0,0,0,0,0,12
E001244,C025,A0046,1,0,0,0,0,8
E001245,C025,A0283,0,0,0,0,0,13
E001246,C025,A0088,1,0,0,0,0,16
E001247,C025,A0147,0,0,0,0,0,0
E001248,C025,A0002,0,0,0,0,0,12
E001249,C025,A0094,0,0,0,0,0,7
E001250,C025,A0091,1,0,0,0,0,20
E001251,C025,A0344,1,0,1,0,0,21
E001252,C025,A0172,1,0,0,0,0,3
E001253,C025,A0003,0,0,0,0,0,6
E001254,C025,A0372,0,0,0,0,0,0
E001255,C025,A0081,0,0,0,0,0,2
E001256,C025,A0199,0,0,0,0,0,6
E001257,C025,A0011,0,0,0,0,0,9
E001258,C025,A0176,1,0,0,0,0,18
E001259,C025,A0264,0,0,0,0,0,7
E001260,C025,A0128,0,0,0,0,0,1
E001261,C025,A0243,1,0,0,0,0,9
E001262,C025,A0279,0,0,0,0,0,4
E001263,C025,A0190,1,0,0,0,0,18
E001264,C025,A0039,0,0,0,0,0,0
E001265,C025,A0109,0,0,0,0,0,0
E001266,C025,A0155,0,0,0,0,0,5
E001267,C025,A0131,0,0,0,0,0,8
E001268,C025,A0319,0,0,0,0,0,1
E001269,C025,A0252,0,0,0,0,0,0
E001270,C025,A0259,0,0,0,0,0,0
E001271,C025,A0328,0,0,0,0,0,1
E001272,C025,A0291,0,0,0,0,0,0
E001273,C025,A0068,0,0,0,0,0,0
E001274,C025,A0317,0,0,0,0,0,0
E001275,C025,A0041,0,0,0,0,0,0
E001276,C025,A0065,0,0,0,0,0,0
E001277,C025,A0019,1,0,0,0,0,28
E001278,C025,A0186,1,0,0,0,0,4
E001279,C025,A0145,0,0,0,0,0,0
E001280,C025,A0016,0,0,0,0,0,7
E001281,C025,A0299,0,0,0,0,0,7
E001282,C025,A0197,1,0,0,0,0,20
E001283,C025,A0129,1,0,0,0,0,3
E001284,C025,A0053,0,0,0,0,0,4
E001285,C025,A0177,0,0,0,0,0,0
E001286,C025,A0244,0,0,0,0,0,5
E001287,C025,A0342,0,0,0,0,0,7
E001288,C025,A0320,0,0,0,0,0,2
E001289,C025,A0212,1,0,0,0,0,19
E001290,C025,A0167,0,0,0,0,0,1
E001291,C025,A0169,1,0,0,0,0,9
E001292,C025,A0339,0,0,0,0,0,1
E001293,C025,A0158,1,0,0,0,0,21
E001294,C025,A0160,1,0,0,0,0,1
E001295,C025,A0270,1,0,0,0,0,12
E001296,C026,A0250,1,0,1,1,0,56
E001297,C026,A0051,0,0,0,0,0,5
E001298,C026,A0376,1,1,0,0,0,36
E001299,C026,A0266,1,1,0,0,0,32
E001300,C026,A0357,1,0,0,0,0,15
E001301,C026,A0294,1,1,0,0,0,34
E001302,C026,A0283,1,1,0,0,0,48
E001303,C026,A0003,1,0,0,0,0,1
E001304,C026,A0249,1,1,0,0,0,39
E001305,C026,A0260,1,0,0,0,0,12
E001306,C026,A0099,0,0,0,0,0,0
E001307,C026,A0096,0,0,0,0,0,1
E001308,C026,A0031,0,0,0,0,0,6
E001309,C026,A0006,1,0,0,0,0,14
E001310,C026,A0110,0,0,0,0,0,0
E001311,C026,A0245,1,1,0,1,0,65
E001312,C026,A0032,0,0,0,0,0,12
E001313,C026,A0009,0,0,0,0,0,0
E001314,C026,A0274,0,0,0,0,0,6
E001315,C026,A0241,1,0,0,0,0,13
E001316,C027,A0300,1,0,0,0,0,14
E001317,C027,A0101,0,0,0,0,0,9
E001318,C027,A0086,1,1,0,1,0,51
E001319,C027,A0243,1,1,1,0,0,56
E001320,C027,A0381,0,0,0,0,0,0
E001321,C027,A0267,1,0,0,0,0,4
E001322,C027,A0338,0,0,0,0,0,6
E001323,C027,A0279,1,0,1,0,0,36
E001324,C027,A0154,0,0,0,0,0,1
E001325,C027,A0137,0,0,0,0,0,7
E001326,C027,A0100,1,0,1,0,0,25
E001327,C027,A0276,1,0,0,0,0,9
E001328,C027,A0387,0,0,0,0,0,5
E001329,C027,A0012,0,0,0,0,0,0
E001330,C027,A0314,1,0,0,0,0,2
E001331,C027,A0268,1,1,0,1,0,62
E001332,C027,A0111,0,0,0,0,0,0
E001333,C027,A0193,1,1,0,0,0,48
E001334,C027,A0092,1,0,1,0,0,32
E001335,C027,A0014,1,0,0,0,0,7
E001336,C027,A0039,1,1,1,1,1,93
E001337,C027,A0118,0,0,0,0,0,0
E001338,C027,A0291,1,0,0,0,0,22
E001339,C027,A0396,0,0,0,0,0,2
E001340,C027,A0196,1,1,0,0,0,36
E001341,C027,A0109,1,0,0,0,0,6
E001342,C027,A0075,1,0,0,0,0,5
E001343,C027,A0159,1,1,1,0,0,64
E001344,C027,A0257,0,0,0,0,0,5
E001345,C027,A0296,1,0,0,0,0,11
E001346,C027,A0019,0,0,0,0,0,0
E001347,C027,A0194,0,0,0,0,0,3
E001348,C027,A0393,0,0,0,0,0,0
E001349,C027,A0045,1,1,1,0,0,46
E001350,C027,A0142,1,0,1,0,0,36
E001351,C027,A0095,0,0,0,0,0,0
E001352,C027,A0384,1,1,0,0,0,34
E001353,C027,A0191,0,0,0,0,0,7
E001354,C027,A0389,1,1,1,0,0,62
E001355,C027,A0013,1,0,0,0,0,15
E001356,C027,A0326,0,0,0,0,0,0
E001357,C027,A0371,1,0,1,0,0,28
E001358,C027,A0342,1,0,0,0,0,0
E001359,C027,A0292,1,0,0,0,0,0
E001360,C027,A0028,1,0,0,0,0,1
E001361,C027,A0244,1,1,1,1,1,100
E001362,C027,A0085,1,1,0,1,0,47
E001363,C027,A0280,1,1,0,1,1,83
E001364,C027,A0079,1,1,0,0,0,31
E001365,C027,A0189,0,0,0,0,0,4
E001366,C027,A0366,1,1,0,0,0,43
E001367,C027,A0275,0,0,0,0,0,0
E001368,C027,A0023,0,0,0,0,0,0
E001369,C027,A0168,0,0,0,0,0,0
E001370,C028,A0234,0,0,0,0,0,0
E001371,C028,A0123,0,0,0,0,0,0
E001372,C028,A0236,0,0,0,0,0,0
E001373,C028,A0128,1,0,1,0,0,32
E001374,C028,A0299,0,0,0,0,0,0
E001375,C028,A0255,1,0,0,0,0,7
E001376,C028,A0135,1,0,0,0,0,2
E001377,C028,A0266,0,0,0,0,0,3
E001378,C028,A0233,0,0,0,0,0,8
E001379,C028,A0205,1,0,0,0,0,3
E001380,C028,A0167,1,0,0,0,0,0
E001381,C028,A0331,1,0,0,0,0,6
E001382,C028,A0357,1,0,1,1,0,56
E001383,C028,A0051,1,0,0,0,0,7
E001384,C028,A0052,0,0,0,0,0,10
E001385,C028,A0256,1,0,1,0,0,31
E001386,C028,A0148,1,0,1,1,0,53
E001387,C028,A0094,1,0,1,0,0,25
E001388,C028,A0114,1,0,0,0,0,3
E001389,C028,A0103,1,0,0,0,0,19
E001390,C028,A0274,0,0,0,0,0,0
E001391,C028,A0325,0,0,0,0,0,0
E001392,C028,A0283,1,0,0,0,0,22
E001393,C028,A0249,0,0,0,0,0,0
E001394,C028,A0215,1,0,0,0,0,0
E001395,C028,A0147,0,0,0,0,0,0
E001396,C028,A0225,0,0,0,0,0,8
E001397,C028,A0063,1,0,0,0,0,8
E001398,C028,A0096,1,0,0,0,0,0
E001399,C028,A0151,0,0,0,0,0,0
E001400,C028,A0176,0,0,0,0,0,14
E001401,C028,A0372,0,0,0,0,0,5
E001402,C028,A0032,0,0,0,0,0,0
E001403,C028,A0382,1,0,0,0,0,13
E001404,C028,A0339,0,0,0,0,0,10
E001405,C028,A0138,0,0,0,0,0,12
E001406,C028,A0133,0,0,0,0,0,2
E001407,C028,A0177,0,0,0,0,0,0
E001408,C028,A0040,0,0,0,0,0,2
